ticket_id,customer_id,category,priority,status,channel,product,created_date,resolution_time_hours,satisfaction_score,agent_id
T1000,C2824,technical,medium,open,email,Storage Plus,2024-01-13,53.52,2,A154
T1001,C1520,general,low,in_progress,web,Analytics Suite,2024-01-16,7.2,2,A157
T1002,C5557,product,high,resolved,chat,Analytics Suite,2024-01-04,54.75,2,A197
T1003,C6514,account,high,resolved,email,Data Pipeline,2024-02-22,7.13,1,A168
T1004,C3045,general,high,in_progress,email,DataLake Pro,2024-07-12,6.13,3,A184
T1005,C4733,billing,critical,resolved,web,ML Platform,2024-05-28,70.94,2,A120
T1006,C7065,billing,medium,in_progress,chat,Data Pipeline,2024-06-30,15.48,3,A148
T1007,C5422,account,low,in_progress,email,ML Platform,2024-11-23,49.7,2,A151
T1008,C5386,account,medium,closed,web,Data Pipeline,2024-02-03,15.59,5,A118
T1009,C5339,general,high,closed,web,ML Platform,2024-03-12,18.13,5,A128
T1010,C3266,billing,medium,in_progress,web,Storage Plus,2024-09-17,35.79,1,A108
T1011,C7304,general,high,open,email,Storage Plus,2024-07-14,43.11,4,A196
T1012,C5371,product,medium,closed,email,ML Platform,2024-11-24,24.82,3,A164
T1013,C3927,general,medium,in_progress,phone,Analytics Suite,2024-09-16,65.75,3,A169
T1014,C9689,billing,low,resolved,phone,Analytics Suite,2024-01-01,43.32,4,A107
T1015,C4946,product,low,in_progress,chat,Data Pipeline,2024-10-17,68.21,1,A170
T1016,C3705,product,medium,in_progress,phone,Data Pipeline,2024-05-15,38.23,5,A185
T1017,C7118,billing,medium,in_progress,email,ML Platform,2024-08-12,64.82,4,A102
T1018,C4770,billing,medium,open,email,ML Platform,2024-10-28,16.25,1,A109
T1019,C9423,technical,medium,closed,chat,Data Pipeline,2024-05-01,20.41,4,A152
T1020,C4119,account,critical,closed,web,DataLake Pro,2024-02-18,7.43,4,A186
T1021,C2612,billing,medium,in_progress,chat,Storage Plus,2024-02-01,29.29,3,A157
T1022,C3296,technical,low,closed,email,DataLake Pro,2024-08-04,13.62,4,A183
T1023,C9856,technical,critical,closed,web,Analytics Suite,2024-01-08,69.78,2,A151
T1024,C1960,account,critical,resolved,web,Storage Plus,2024-03-25,27.6,4,A184
T1025,C8973,billing,low,resolved,email,DataLake Pro,2024-03-20,14.08,2,A174
T1026,C8811,technical,low,open,chat,DataLake Pro,2024-09-14,66.24,5,A176
T1027,C2113,billing,medium,open,email,Data Pipeline,2024-12-11,62.12,4,A184
T1028,C9565,account,medium,resolved,web,Analytics Suite,2024-06-10,67.33,2,A185
T1029,C5915,billing,critical,open,email,Storage Plus,2024-08-22,23.11,1,A127
T1030,C9288,billing,medium,resolved,phone,Analytics Suite,2024-05-15,9.97,3,A156
T1031,C9900,billing,high,open,chat,ML Platform,2024-12-26,22.13,5,A114
T1032,C2753,general,medium,resolved,chat,ML Platform,2024-10-10,11.61,3,A164
T1033,C9004,billing,critical,resolved,email,DataLake Pro,2024-05-08,65.23,1,A142
T1034,C3143,product,critical,open,email,DataLake Pro,2024-11-22,70.56,2,A188
T1035,C3442,general,medium,closed,chat,DataLake Pro,2024-10-06,3.08,3,A139
T1036,C6974,technical,low,resolved,web,Storage Plus,2024-01-21,64.77,2,A195
T1037,C3532,product,low,in_progress,phone,Data Pipeline,2024-05-01,62.32,2,A185
T1038,C5065,product,low,closed,chat,Analytics Suite,2024-05-16,11.88,1,A158
T1039,C6728,technical,low,in_progress,web,ML Platform,2024-06-05,59.17,2,A135
T1040,C2137,product,high,open,email,ML Platform,2024-05-22,25.61,5,A122
T1041,C5349,account,high,closed,email,Data Pipeline,2024-01-20,8.25,4,A173
T1042,C4114,billing,medium,resolved,web,DataLake Pro,2024-05-10,3.67,4,A185
T1043,C6409,account,high,closed,phone,Data Pipeline,2024-11-15,22.94,1,A189
T1044,C5844,product,medium,resolved,web,Storage Plus,2024-10-10,9.6,4,A100
T1045,C5978,general,high,closed,web,Data Pipeline,2024-05-26,15.53,5,A186
T1046,C4501,billing,high,resolved,email,Analytics Suite,2024-09-18,34.33,2,A186
T1047,C6085,billing,low,in_progress,web,Storage Plus,2024-04-25,58.17,2,A198
T1048,C2193,technical,critical,closed,web,Analytics Suite,2024-08-21,30.13,5,A118
T1049,C1090,technical,critical,open,chat,DataLake Pro,2024-02-24,56.16,2,A158
T1050,C3184,general,high,closed,web,Storage Plus,2024-08-25,48.23,5,A157
T1051,C3607,account,critical,in_progress,phone,Data Pipeline,2024-08-31,32.68,2,A109
T1052,C5681,general,low,in_progress,chat,Analytics Suite,2024-04-30,19.93,3,A149
T1053,C3503,product,high,closed,web,DataLake Pro,2024-12-27,15.8,4,A126
T1054,C7883,billing,critical,closed,email,ML Platform,2024-07-18,65.2,5,A138
T1055,C7389,general,medium,closed,chat,ML Platform,2024-08-02,38.98,5,A155
T1056,C8956,technical,critical,in_progress,email,Data Pipeline,2024-01-15,28.3,4,A175
T1057,C1444,product,medium,open,phone,Data Pipeline,2024-02-12,46.46,2,A141
T1058,C4467,account,critical,resolved,email,Data Pipeline,2024-08-20,23.87,4,A102
T1059,C9837,technical,low,open,email,Analytics Suite,2024-01-27,71.99,3,A125
T1060,C1333,product,low,in_progress,web,ML Platform,2024-11-14,11.4,2,A198
T1061,C7043,technical,high,open,email,ML Platform,2024-03-26,43.82,1,A173
T1062,C7149,billing,medium,open,phone,Storage Plus,2024-07-22,67.82,2,A115
T1063,C1672,billing,high,open,web,Data Pipeline,2024-06-26,38.59,3,A113
T1064,C8102,technical,critical,in_progress,phone,Storage Plus,2024-07-04,45.94,4,A168
T1065,C8921,account,high,in_progress,email,ML Platform,2024-08-26,31.64,5,A157
T1066,C4995,account,low,closed,phone,Analytics Suite,2024-08-25,41.24,4,A162
T1067,C4475,account,high,open,chat,DataLake Pro,2024-06-30,57.55,3,A130
T1068,C7658,product,critical,closed,email,DataLake Pro,2024-09-07,40.2,2,A137
T1069,C4630,general,high,closed,phone,Data Pipeline,2024-07-26,49.96,3,A195
T1070,C6419,account,high,in_progress,email,Analytics Suite,2024-06-29,50.75,3,A140
T1071,C2958,technical,medium,closed,phone,Storage Plus,2024-10-01,68.49,2,A197
T1072,C9595,technical,high,in_progress,phone,Analytics Suite,2024-11-01,20.73,1,A138
T1073,C1231,billing,low,resolved,chat,Data Pipeline,2024-12-28,38.69,3,A113
T1074,C1200,product,high,in_progress,email,ML Platform,2024-10-20,20.83,4,A161
T1075,C2869,general,low,in_progress,chat,Storage Plus,2024-02-03,29.15,1,A138
T1076,C2395,general,medium,closed,web,Data Pipeline,2024-05-07,8.97,4,A138
T1077,C8025,general,low,in_progress,chat,ML Platform,2024-06-05,41.16,1,A184
T1078,C2330,billing,medium,open,web,Data Pipeline,2024-03-21,17.65,5,A188
T1079,C8699,account,critical,open,chat,ML Platform,2024-05-29,2.83,3,A180
T1080,C4241,technical,high,in_progress,email,DataLake Pro,2024-08-05,8.71,2,A121
T1081,C6039,account,critical,open,web,ML Platform,2024-10-31,54.05,5,A189
T1082,C7594,product,low,open,web,ML Platform,2024-05-19,36.28,4,A177
T1083,C5102,general,low,resolved,email,Analytics Suite,2024-01-14,7.03,5,A160
T1084,C9502,technical,critical,closed,email,Data Pipeline,2024-11-29,32.12,3,A144
T1085,C7690,technical,high,closed,web,ML Platform,2024-06-19,23.46,1,A184
T1086,C7561,account,high,resolved,email,Data Pipeline,2024-10-08,3.12,1,A165
T1087,C1018,product,low,in_progress,phone,Storage Plus,2024-12-02,62.66,4,A196
T1088,C9167,technical,high,in_progress,phone,Data Pipeline,2024-11-16,32.11,1,A189
T1089,C8941,technical,medium,resolved,email,Storage Plus,2024-03-03,2.56,5,A152
T1090,C2527,product,low,in_progress,web,ML Platform,2024-04-25,71.45,1,A165
T1091,C5479,technical,critical,in_progress,web,Analytics Suite,2024-07-31,60.18,4,A176
T1092,C9327,product,high,resolved,email,ML Platform,2024-03-10,62.28,3,A192
T1093,C5891,technical,critical,closed,phone,ML Platform,2024-10-27,41.96,4,A170
T1094,C9903,technical,medium,closed,chat,Data Pipeline,2024-07-12,33.06,3,A105
T1095,C6213,product,medium,closed,email,Analytics Suite,2024-08-30,50.92,4,A164
T1096,C6439,billing,critical,open,chat,Data Pipeline,2024-02-21,63.0,4,A183
T1097,C3529,account,critical,open,phone,Storage Plus,2024-02-08,34.07,3,A148
T1098,C6188,general,low,open,chat,ML Platform,2024-11-16,51.89,4,A129
T1099,C2480,product,medium,resolved,email,DataLake Pro,2024-08-10,70.45,1,A141
T1100,C1919,technical,medium,closed,chat,Analytics Suite,2024-05-30,26.13,4,A122
T1101,C2293,technical,critical,in_progress,chat,Data Pipeline,2024-11-08,62.77,5,A181
T1102,C5161,product,high,in_progress,email,Data Pipeline,2024-08-23,18.76,1,A144
T1103,C5901,product,high,in_progress,web,Data Pipeline,2024-11-23,69.29,3,A113
T1104,C4886,account,high,open,web,ML Platform,2024-07-14,41.39,5,A101
T1105,C1803,technical,high,in_progress,chat,Storage Plus,2024-11-06,53.78,3,A132
T1106,C3240,account,critical,open,phone,Analytics Suite,2024-11-17,7.45,1,A111
T1107,C5835,technical,medium,resolved,phone,Analytics Suite,2024-06-16,53.94,2,A132
T1108,C8894,billing,critical,open,chat,Analytics Suite,2024-05-31,53.88,3,A186
T1109,C7511,billing,high,open,web,ML Platform,2024-10-12,26.65,4,A186
T1110,C5295,billing,medium,closed,email,Storage Plus,2024-10-26,27.74,3,A171
T1111,C6374,product,high,closed,email,Analytics Suite,2024-11-08,16.33,1,A105
T1112,C1609,billing,medium,in_progress,web,Data Pipeline,2024-06-04,71.71,1,A147
T1113,C9850,product,low,closed,web,ML Platform,2024-08-02,42.49,2,A104
T1114,C7070,account,low,resolved,phone,DataLake Pro,2024-04-21,32.2,2,A150
T1115,C5520,billing,medium,open,email,ML Platform,2024-04-07,69.73,4,A131
T1116,C3063,technical,medium,in_progress,phone,Analytics Suite,2024-10-16,15.17,5,A176
T1117,C1046,technical,high,in_progress,email,DataLake Pro,2024-05-21,61.88,2,A116
T1118,C1243,general,high,open,chat,ML Platform,2024-07-02,56.98,2,A106
T1119,C3076,product,critical,resolved,email,Data Pipeline,2024-08-03,38.12,1,A164
T1120,C4629,account,critical,open,email,Data Pipeline,2024-11-10,3.6,5,A151
T1121,C7984,billing,low,resolved,chat,DataLake Pro,2024-12-17,8.22,4,A116
T1122,C5505,account,critical,resolved,web,Storage Plus,2024-11-15,45.76,5,A177
T1123,C8048,general,medium,closed,web,Analytics Suite,2024-02-20,57.21,1,A152
T1124,C6553,account,critical,resolved,phone,ML Platform,2024-08-20,29.01,1,A119
T1125,C8770,billing,critical,open,phone,Analytics Suite,2024-02-04,7.02,1,A171
T1126,C1982,account,low,closed,phone,Data Pipeline,2024-10-27,68.9,5,A192
T1127,C1842,billing,medium,in_progress,web,Analytics Suite,2024-05-27,43.43,3,A113
T1128,C6736,general,medium,closed,email,Storage Plus,2024-10-11,26.78,3,A184
T1129,C5381,account,high,open,chat,Analytics Suite,2024-01-15,13.4,3,A172
T1130,C7566,billing,medium,closed,web,Data Pipeline,2024-02-05,10.64,1,A143
T1131,C3578,general,low,open,chat,Analytics Suite,2024-07-08,22.78,3,A196
T1132,C1815,product,critical,closed,web,ML Platform,2024-12-11,6.33,4,A127
T1133,C9394,account,critical,resolved,email,Analytics Suite,2024-02-28,25.18,1,A150
T1134,C1897,technical,high,resolved,phone,DataLake Pro,2024-01-04,15.12,2,A100
T1135,C9149,general,medium,resolved,email,Data Pipeline,2024-08-08,13.06,4,A194
T1136,C1693,account,critical,closed,web,ML Platform,2024-08-11,1.84,1,A114
T1137,C7636,general,critical,resolved,email,Data Pipeline,2024-01-11,69.58,2,A113
T1138,C4986,billing,critical,resolved,phone,Analytics Suite,2024-08-11,42.6,5,A142
T1139,C3754,general,medium,resolved,phone,Analytics Suite,2024-02-09,37.0,1,A130
T1140,C2684,general,medium,open,chat,Data Pipeline,2024-03-15,18.8,2,A159
T1141,C8354,general,high,resolved,chat,Data Pipeline,2024-12-14,66.58,5,A108
T1142,C8682,general,low,resolved,email,ML Platform,2024-08-14,45.64,3,A159
T1143,C8404,billing,low,closed,web,Storage Plus,2024-01-20,4.57,3,A170
T1144,C1672,technical,high,closed,chat,DataLake Pro,2024-08-18,65.5,5,A157
T1145,C2695,general,medium,open,chat,Data Pipeline,2024-06-24,70.74,1,A156
T1146,C9586,account,high,closed,web,ML Platform,2024-09-24,44.1,3,A186
T1147,C1857,account,low,closed,phone,ML Platform,2024-11-19,46.78,1,A192
T1148,C3463,account,high,closed,chat,Storage Plus,2024-06-19,6.33,2,A190
T1149,C2388,technical,low,closed,phone,DataLake Pro,2024-06-07,40.46,3,A146
T1150,C6060,product,medium,in_progress,chat,Analytics Suite,2024-04-02,68.51,3,A109
T1151,C5846,general,low,resolved,chat,Storage Plus,2024-02-21,36.8,5,A148
T1152,C3527,technical,critical,open,web,ML Platform,2024-03-24,13.43,5,A186
T1153,C4891,technical,medium,resolved,web,Analytics Suite,2024-08-15,44.16,4,A147
T1154,C8218,general,critical,in_progress,chat,Storage Plus,2024-08-24,55.51,4,A117
T1155,C5096,general,low,open,phone,DataLake Pro,2024-01-27,46.34,3,A197
T1156,C3626,technical,critical,open,chat,Data Pipeline,2024-05-19,32.63,5,A144
T1157,C1436,account,medium,closed,email,ML Platform,2024-07-31,4.31,5,A128
T1158,C1461,technical,medium,open,phone,Data Pipeline,2024-06-12,67.05,3,A189
T1159,C3273,billing,low,open,phone,Analytics Suite,2024-12-27,34.04,5,A119
T1160,C9991,account,medium,resolved,email,DataLake Pro,2024-11-07,38.24,1,A130
T1161,C7878,billing,low,closed,email,Storage Plus,2024-11-23,57.26,4,A173
T1162,C4963,general,high,in_progress,web,Analytics Suite,2024-03-14,21.33,1,A185
T1163,C2402,general,low,closed,web,DataLake Pro,2024-09-25,70.19,1,A181
T1164,C7338,account,low,resolved,chat,DataLake Pro,2024-07-10,18.64,1,A198
T1165,C6447,account,medium,closed,web,Analytics Suite,2024-03-09,3.67,5,A117
T1166,C2033,billing,medium,open,phone,ML Platform,2024-08-22,3.14,2,A165
T1167,C7524,technical,high,resolved,email,ML Platform,2024-10-05,34.35,1,A134
T1168,C3039,product,critical,resolved,chat,Data Pipeline,2024-07-07,31.74,4,A188
T1169,C9151,account,low,closed,email,Data Pipeline,2024-07-07,66.59,5,A177
T1170,C3956,billing,high,resolved,phone,Data Pipeline,2024-10-06,21.5,1,A177
T1171,C7981,product,low,resolved,web,ML Platform,2024-03-26,49.82,3,A181
T1172,C1939,account,medium,open,chat,Storage Plus,2024-02-08,48.49,4,A186
T1173,C8179,account,high,closed,email,Storage Plus,2024-01-18,9.53,2,A119
T1174,C8371,general,medium,resolved,web,ML Platform,2024-07-08,27.1,1,A183
T1175,C5566,technical,critical,closed,email,ML Platform,2024-05-07,69.18,1,A199
T1176,C5264,account,critical,in_progress,email,Analytics Suite,2024-12-26,32.41,5,A109
T1177,C8406,billing,high,resolved,email,Storage Plus,2024-03-29,64.76,4,A169
T1178,C5757,account,medium,open,chat,Analytics Suite,2024-06-02,61.37,2,A130
T1179,C9094,account,critical,in_progress,email,DataLake Pro,2024-01-14,26.3,5,A139
T1180,C7523,general,low,in_progress,phone,DataLake Pro,2024-09-02,38.09,4,A157
T1181,C8632,general,medium,in_progress,web,Storage Plus,2024-12-14,37.49,2,A107
T1182,C3034,technical,high,in_progress,phone,Storage Plus,2024-09-22,11.44,2,A136
T1183,C2292,account,medium,resolved,email,Storage Plus,2024-05-08,14.54,5,A182
T1184,C3762,technical,high,open,email,DataLake Pro,2024-10-30,67.82,2,A105
T1185,C5336,product,low,closed,phone,ML Platform,2024-11-29,15.57,5,A161
T1186,C5012,billing,low,in_progress,web,Data Pipeline,2024-12-16,29.54,4,A161
T1187,C8609,account,high,resolved,web,Analytics Suite,2024-04-14,24.82,2,A197
T1188,C7070,technical,critical,open,phone,Data Pipeline,2024-09-20,40.66,3,A131
T1189,C3308,general,critical,in_progress,chat,ML Platform,2024-02-19,4.12,4,A173
T1190,C6123,general,critical,closed,phone,Data Pipeline,2024-04-07,55.06,4,A102
T1191,C2475,technical,high,open,email,ML Platform,2024-07-20,36.64,2,A163
T1192,C8710,product,medium,resolved,phone,Data Pipeline,2024-05-26,38.87,1,A146
T1193,C1741,technical,high,resolved,email,Data Pipeline,2024-07-24,4.16,5,A164
T1194,C8378,general,low,in_progress,email,Data Pipeline,2024-10-08,20.5,5,A147
T1195,C6555,technical,critical,open,email,DataLake Pro,2024-10-12,67.63,2,A117
T1196,C6456,general,medium,resolved,phone,Analytics Suite,2024-08-30,37.63,2,A150
T1197,C5902,general,critical,resolved,web,DataLake Pro,2024-10-30,24.55,5,A147
T1198,C6427,general,high,open,web,ML Platform,2024-12-10,8.34,4,A183
T1199,C4728,general,critical,in_progress,chat,DataLake Pro,2024-01-27,42.22,2,A173
T1200,C2800,product,medium,closed,chat,Data Pipeline,2024-04-07,1.85,3,A164
T1201,C8726,technical,high,closed,web,ML Platform,2024-02-01,50.96,5,A122
T1202,C8531,account,critical,in_progress,chat,ML Platform,2024-09-29,24.98,3,A171
T1203,C5890,account,medium,closed,phone,Data Pipeline,2024-04-25,67.82,3,A144
T1204,C5480,product,critical,resolved,chat,ML Platform,2024-05-27,9.21,5,A105
T1205,C5712,account,critical,in_progress,chat,Storage Plus,2024-12-31,6.15,4,A134
T1206,C5450,technical,medium,open,chat,Analytics Suite,2024-03-11,8.31,5,A106
T1207,C2641,billing,medium,open,chat,Data Pipeline,2024-07-30,24.12,4,A183
T1208,C8793,account,high,open,email,Storage Plus,2024-09-01,47.01,3,A129
T1209,C9767,product,medium,open,web,Data Pipeline,2024-01-20,65.8,2,A123
T1210,C5742,general,low,resolved,phone,Data Pipeline,2024-01-20,1.16,5,A182
T1211,C9901,general,critical,resolved,chat,DataLake Pro,2024-09-25,35.81,2,A142
T1212,C3662,billing,high,resolved,chat,Analytics Suite,2024-08-22,46.85,2,A178
T1213,C7643,product,low,in_progress,chat,Data Pipeline,2024-08-06,37.34,1,A141
T1214,C5064,product,high,resolved,phone,Storage Plus,2024-01-04,19.15,2,A192
T1215,C1187,billing,low,closed,phone,Analytics Suite,2024-05-13,47.24,2,A151
T1216,C9233,account,high,in_progress,chat,Analytics Suite,2024-12-26,55.54,1,A161
T1217,C3509,account,critical,closed,chat,Analytics Suite,2024-08-20,53.96,5,A187
T1218,C2341,billing,low,open,chat,Storage Plus,2024-09-26,32.44,3,A168
T1219,C3455,product,low,in_progress,web,DataLake Pro,2024-03-25,23.96,5,A165
T1220,C8298,product,critical,open,web,ML Platform,2024-01-29,32.92,5,A192
T1221,C1356,technical,low,open,web,ML Platform,2024-07-21,18.69,1,A189
T1222,C2044,product,low,resolved,web,Analytics Suite,2024-10-04,71.58,1,A198
T1223,C3218,account,critical,closed,web,Data Pipeline,2024-11-24,70.45,4,A110
T1224,C9835,billing,medium,closed,chat,Analytics Suite,2024-03-09,47.23,3,A100
T1225,C1372,product,critical,in_progress,chat,Data Pipeline,2024-06-01,33.6,5,A144
T1226,C3541,billing,critical,open,chat,Analytics Suite,2024-05-21,13.98,1,A108
T1227,C2653,billing,medium,open,web,Data Pipeline,2024-10-31,2.9,5,A129
T1228,C9843,technical,high,in_progress,phone,Storage Plus,2024-04-21,54.44,1,A176
T1229,C6253,general,medium,closed,phone,ML Platform,2024-05-01,22.08,2,A107
T1230,C3869,product,low,resolved,web,Storage Plus,2024-11-16,49.03,5,A140
T1231,C7821,technical,critical,in_progress,chat,ML Platform,2024-07-28,11.17,4,A190
T1232,C3365,product,critical,in_progress,web,Analytics Suite,2024-08-25,65.9,5,A132
T1233,C4331,account,low,in_progress,email,ML Platform,2024-06-18,46.74,4,A148
T1234,C1647,general,medium,closed,chat,ML Platform,2024-02-07,13.95,5,A138
T1235,C1251,product,medium,in_progress,web,Analytics Suite,2024-04-18,67.51,1,A170
T1236,C6269,account,high,resolved,phone,Storage Plus,2024-05-24,27.72,5,A163
T1237,C8635,account,medium,resolved,phone,Data Pipeline,2024-02-20,57.9,4,A105
T1238,C4625,general,critical,resolved,chat,Analytics Suite,2024-03-15,1.66,5,A142
T1239,C4768,product,high,resolved,web,Data Pipeline,2024-07-13,41.24,2,A158
T1240,C3756,product,medium,open,email,DataLake Pro,2024-06-29,12.6,5,A185
T1241,C1794,billing,medium,open,chat,Storage Plus,2024-01-04,29.99,2,A158
T1242,C7114,product,critical,open,email,Storage Plus,2024-01-31,44.68,5,A170
T1243,C7739,general,high,open,web,Analytics Suite,2024-01-07,1.7,3,A113
T1244,C2578,general,high,resolved,phone,Data Pipeline,2024-09-25,11.15,2,A110
T1245,C7112,technical,high,open,email,DataLake Pro,2024-07-26,33.32,2,A151
T1246,C7213,billing,medium,open,web,Data Pipeline,2024-07-12,40.02,1,A182
T1247,C6427,general,low,in_progress,chat,Storage Plus,2024-10-16,70.38,1,A160
T1248,C5441,general,low,in_progress,phone,DataLake Pro,2024-01-24,66.58,3,A126
T1249,C3362,account,medium,in_progress,web,Storage Plus,2024-12-30,59.19,1,A142
T1250,C7288,general,high,open,email,Data Pipeline,2024-03-12,57.02,1,A129
T1251,C2245,general,critical,resolved,email,ML Platform,2024-06-23,43.77,5,A157
T1252,C9038,product,medium,closed,email,Storage Plus,2024-04-26,25.94,4,A137
T1253,C5037,technical,critical,in_progress,web,ML Platform,2024-12-31,5.76,3,A146
T1254,C2745,product,high,resolved,email,Analytics Suite,2024-02-16,0.87,3,A111
T1255,C4070,general,critical,open,email,DataLake Pro,2024-08-08,32.59,5,A145
T1256,C2524,product,low,resolved,web,Data Pipeline,2024-11-01,43.26,3,A199
T1257,C2387,general,medium,closed,chat,Analytics Suite,2024-10-13,65.22,2,A134
T1258,C5933,technical,critical,resolved,web,ML Platform,2024-05-17,35.76,1,A161
T1259,C2260,product,medium,closed,email,Analytics Suite,2024-07-03,18.5,2,A138
T1260,C1110,product,high,closed,phone,Data Pipeline,2024-07-21,24.25,5,A183
T1261,C3230,product,high,in_progress,web,ML Platform,2024-06-02,23.43,2,A137
T1262,C9044,product,high,closed,phone,DataLake Pro,2024-10-21,56.41,3,A172
T1263,C4273,general,low,closed,chat,Data Pipeline,2024-10-30,71.8,2,A137
T1264,C2133,account,medium,resolved,chat,Data Pipeline,2024-07-28,48.62,2,A148
T1265,C2211,general,critical,closed,email,ML Platform,2024-08-17,71.34,4,A189
T1266,C9796,billing,medium,resolved,chat,Storage Plus,2024-10-31,46.13,1,A105
T1267,C7547,billing,low,open,phone,Analytics Suite,2024-06-18,69.55,4,A165
T1268,C9499,technical,critical,resolved,web,Data Pipeline,2024-10-12,42.01,5,A198
T1269,C9199,product,low,resolved,web,DataLake Pro,2024-03-18,25.17,1,A114
T1270,C3321,technical,critical,resolved,web,DataLake Pro,2024-06-27,22.8,4,A156
T1271,C8412,billing,low,resolved,email,Analytics Suite,2024-06-12,5.3,1,A194
T1272,C4996,account,critical,closed,chat,Data Pipeline,2024-09-21,12.97,2,A180
T1273,C4022,product,low,in_progress,web,Storage Plus,2024-04-05,46.29,4,A154
T1274,C7370,account,low,open,chat,ML Platform,2024-01-03,50.89,2,A141
T1275,C4228,general,high,closed,web,Storage Plus,2024-08-22,8.65,4,A114
T1276,C6700,technical,high,open,chat,ML Platform,2024-06-29,60.95,5,A115
T1277,C4908,technical,critical,closed,chat,Storage Plus,2024-06-05,8.86,3,A149
T1278,C7931,technical,medium,closed,phone,Analytics Suite,2024-04-05,35.3,5,A123
T1279,C6154,billing,critical,in_progress,chat,Data Pipeline,2024-08-18,44.79,3,A171
T1280,C9281,product,critical,closed,chat,DataLake Pro,2024-11-30,35.89,4,A172
T1281,C1505,technical,high,in_progress,web,Storage Plus,2024-04-22,21.38,3,A195
T1282,C9115,billing,high,resolved,email,Data Pipeline,2024-10-08,37.02,5,A169
T1283,C4580,account,low,closed,phone,ML Platform,2024-08-05,7.82,2,A111
T1284,C8193,technical,high,closed,chat,Storage Plus,2024-03-01,55.96,2,A117
T1285,C4385,account,high,in_progress,phone,ML Platform,2024-04-15,58.09,5,A137
T1286,C5380,technical,critical,open,phone,Analytics Suite,2024-09-20,70.96,1,A189
T1287,C3174,technical,critical,closed,chat,Storage Plus,2024-05-07,10.96,3,A180
T1288,C5402,billing,low,closed,phone,ML Platform,2024-11-17,30.12,4,A158
T1289,C8996,product,high,open,web,Analytics Suite,2024-06-16,42.11,1,A154
T1290,C4470,account,medium,closed,phone,DataLake Pro,2024-09-10,19.7,3,A105
T1291,C2631,billing,low,in_progress,web,Data Pipeline,2024-11-16,56.55,4,A100
T1292,C8009,account,medium,resolved,email,ML Platform,2024-04-13,71.69,2,A132
T1293,C2350,billing,critical,resolved,chat,Data Pipeline,2024-07-09,48.01,2,A183
T1294,C2494,product,low,in_progress,chat,Storage Plus,2024-12-26,7.31,2,A187
T1295,C8291,billing,critical,in_progress,web,DataLake Pro,2024-01-05,1.08,3,A129
T1296,C7276,billing,high,resolved,phone,Analytics Suite,2024-02-15,52.75,1,A148
T1297,C3181,billing,low,in_progress,web,ML Platform,2024-11-24,71.5,2,A192
T1298,C4490,general,critical,in_progress,email,DataLake Pro,2024-11-17,54.0,4,A117
T1299,C3017,product,high,in_progress,chat,ML Platform,2024-10-28,52.7,3,A182
T1300,C2380,general,high,open,phone,Analytics Suite,2024-05-07,40.07,5,A166
T1301,C9348,billing,medium,closed,web,DataLake Pro,2024-04-06,53.97,3,A130
T1302,C9185,billing,high,resolved,chat,Data Pipeline,2024-11-22,42.97,5,A172
T1303,C7895,product,low,open,email,DataLake Pro,2024-07-06,39.56,2,A133
T1304,C4534,general,high,closed,web,Data Pipeline,2024-01-21,66.46,4,A110
T1305,C9791,billing,high,open,chat,Analytics Suite,2024-10-02,44.55,3,A168
T1306,C6353,account,critical,in_progress,email,Analytics Suite,2024-07-19,42.43,1,A111
T1307,C8118,billing,high,in_progress,email,DataLake Pro,2024-02-29,32.92,5,A190
T1308,C3248,account,high,in_progress,phone,Analytics Suite,2024-12-25,1.31,4,A195
T1309,C5403,account,critical,resolved,email,ML Platform,2024-03-01,55.66,1,A191
T1310,C2262,billing,critical,in_progress,phone,Analytics Suite,2024-09-11,33.05,3,A132
T1311,C2685,technical,low,open,email,Analytics Suite,2024-10-20,48.7,1,A105
T1312,C8729,technical,low,closed,chat,ML Platform,2024-07-05,27.88,2,A131
T1313,C7819,general,high,open,email,Analytics Suite,2024-06-12,19.89,1,A128
T1314,C9450,product,high,resolved,phone,DataLake Pro,2024-01-24,68.72,1,A170
T1315,C8483,general,high,in_progress,web,ML Platform,2024-01-05,26.88,3,A175
T1316,C9083,technical,medium,open,web,DataLake Pro,2024-04-10,52.87,5,A129
T1317,C9872,account,low,closed,phone,DataLake Pro,2024-06-26,45.97,1,A126
T1318,C9680,technical,high,open,email,Analytics Suite,2024-05-01,30.52,1,A166
T1319,C7767,billing,low,in_progress,web,DataLake Pro,2024-12-24,64.53,4,A175
T1320,C2020,technical,high,resolved,phone,Data Pipeline,2024-08-10,47.86,2,A189
T1321,C6345,billing,medium,in_progress,email,Analytics Suite,2024-06-11,32.87,2,A113
T1322,C3693,billing,high,in_progress,web,ML Platform,2024-08-18,33.82,4,A159
T1323,C5341,general,low,in_progress,phone,Analytics Suite,2024-03-02,6.97,3,A111
T1324,C5066,account,high,in_progress,email,Data Pipeline,2024-07-01,28.83,1,A157
T1325,C5093,billing,low,open,chat,Analytics Suite,2024-02-18,33.54,2,A125
T1326,C7563,general,high,open,email,DataLake Pro,2024-07-09,49.57,1,A125
T1327,C8265,billing,low,closed,email,Analytics Suite,2024-03-06,7.08,3,A173
T1328,C8096,product,medium,resolved,chat,Analytics Suite,2024-07-21,35.97,4,A135
T1329,C5585,general,medium,resolved,web,Data Pipeline,2024-08-16,63.66,1,A170
T1330,C8848,technical,critical,in_progress,chat,Storage Plus,2024-02-01,6.77,4,A102
T1331,C7266,product,high,resolved,web,ML Platform,2024-12-31,26.18,5,A123
T1332,C1427,account,low,closed,phone,Storage Plus,2024-06-12,43.19,1,A129
T1333,C3615,account,low,in_progress,web,ML Platform,2024-02-21,18.22,2,A122
T1334,C3885,general,low,resolved,chat,Storage Plus,2024-05-01,42.87,3,A124
T1335,C9064,billing,low,open,chat,Storage Plus,2024-10-04,22.6,4,A128
T1336,C1326,general,medium,in_progress,phone,Analytics Suite,2024-09-26,34.68,3,A141
T1337,C1975,billing,high,open,phone,Data Pipeline,2024-01-12,11.06,2,A175
T1338,C2655,technical,critical,closed,phone,Analytics Suite,2024-06-21,22.08,2,A190
T1339,C6846,product,high,resolved,chat,Analytics Suite,2024-04-24,48.09,2,A193
T1340,C1029,general,low,in_progress,phone,Storage Plus,2024-12-25,68.33,4,A128
T1341,C2705,technical,high,resolved,chat,DataLake Pro,2024-09-11,10.56,1,A190
T1342,C6500,technical,low,resolved,phone,DataLake Pro,2024-08-16,1.31,2,A192
T1343,C1020,technical,critical,closed,web,ML Platform,2024-01-25,28.09,4,A169
T1344,C7149,technical,medium,closed,email,DataLake Pro,2024-02-21,59.76,5,A137
T1345,C1328,billing,high,in_progress,web,Analytics Suite,2024-06-12,19.17,1,A193
T1346,C2228,account,critical,open,web,Analytics Suite,2024-10-07,67.84,1,A177
T1347,C8113,technical,medium,closed,phone,ML Platform,2024-03-21,4.33,3,A138
T1348,C4891,general,critical,in_progress,email,ML Platform,2024-02-19,4.05,5,A100
T1349,C8005,product,medium,open,email,Analytics Suite,2024-02-14,21.56,5,A121
T1350,C5781,account,critical,closed,web,ML Platform,2024-02-11,34.36,1,A111
T1351,C9914,account,medium,closed,email,ML Platform,2024-07-17,13.72,4,A156
T1352,C8619,general,low,in_progress,email,DataLake Pro,2024-05-14,16.68,3,A185
T1353,C6632,technical,low,closed,web,Storage Plus,2024-10-04,30.1,5,A187
T1354,C8779,account,low,closed,email,Storage Plus,2024-10-20,63.54,4,A173
T1355,C9467,technical,low,closed,chat,Analytics Suite,2024-10-19,48.94,5,A127
T1356,C4157,product,medium,in_progress,phone,ML Platform,2024-03-05,3.55,1,A193
T1357,C2097,general,high,resolved,web,DataLake Pro,2024-02-14,28.25,4,A189
T1358,C9561,technical,low,open,email,ML Platform,2024-08-02,8.55,2,A168
T1359,C6633,general,critical,open,chat,ML Platform,2024-07-29,19.39,4,A151
T1360,C3356,billing,critical,resolved,chat,DataLake Pro,2024-11-12,44.02,4,A195
T1361,C8785,account,high,resolved,phone,Data Pipeline,2024-05-17,64.64,1,A189
T1362,C2609,account,high,closed,email,Analytics Suite,2024-04-26,10.11,4,A156
T1363,C4463,account,low,in_progress,email,ML Platform,2024-07-27,53.48,5,A190
T1364,C9303,general,low,in_progress,chat,Analytics Suite,2024-07-25,10.2,5,A107
T1365,C5087,technical,high,resolved,web,Storage Plus,2024-01-17,33.14,3,A150
T1366,C3029,product,critical,in_progress,web,Storage Plus,2024-12-14,2.69,3,A170
T1367,C6730,billing,high,open,web,DataLake Pro,2024-06-25,12.19,3,A120
T1368,C4511,account,critical,open,email,Data Pipeline,2024-04-23,46.79,2,A116
T1369,C3837,account,high,resolved,web,Data Pipeline,2024-11-03,57.76,2,A144
T1370,C8520,general,critical,open,email,Storage Plus,2024-05-09,16.1,3,A184
T1371,C7131,account,high,open,web,DataLake Pro,2024-10-14,46.78,5,A143
T1372,C5529,account,high,in_progress,chat,Storage Plus,2024-11-23,23.75,3,A197
T1373,C4937,product,high,in_progress,email,Data Pipeline,2024-01-30,58.09,5,A137
T1374,C5250,general,medium,resolved,chat,Storage Plus,2024-08-02,29.43,1,A181
T1375,C8794,technical,medium,resolved,email,Data Pipeline,2024-12-09,26.13,3,A116
T1376,C5237,account,low,in_progress,phone,Analytics Suite,2024-10-13,55.05,2,A195
T1377,C6031,account,high,resolved,web,DataLake Pro,2024-08-03,56.85,3,A160
T1378,C1879,billing,critical,in_progress,email,Data Pipeline,2024-11-20,42.23,5,A167
T1379,C5888,technical,medium,resolved,web,Storage Plus,2024-07-30,4.37,2,A158
T1380,C3346,billing,critical,resolved,chat,ML Platform,2024-06-10,62.16,2,A181
T1381,C1950,technical,medium,closed,email,Analytics Suite,2024-01-03,32.82,2,A178
T1382,C8105,product,critical,open,email,Storage Plus,2024-11-20,31.2,4,A125
T1383,C7112,technical,low,open,chat,Analytics Suite,2024-01-08,64.28,5,A188
T1384,C6641,general,high,in_progress,email,DataLake Pro,2024-06-08,9.72,4,A138
T1385,C5764,general,high,closed,chat,ML Platform,2024-08-21,52.54,5,A162
T1386,C6885,billing,medium,in_progress,chat,Analytics Suite,2024-04-06,12.29,4,A193
T1387,C1359,account,low,closed,phone,Storage Plus,2024-10-28,36.58,1,A179
T1388,C1796,billing,low,open,web,Data Pipeline,2024-10-31,71.62,1,A148
T1389,C3024,technical,low,resolved,web,DataLake Pro,2024-10-07,18.57,2,A184
T1390,C9524,product,low,open,phone,DataLake Pro,2024-05-18,45.03,2,A113
T1391,C9154,general,medium,resolved,web,ML Platform,2024-04-11,44.04,3,A120
T1392,C1645,product,high,in_progress,email,DataLake Pro,2024-10-07,35.99,2,A185
T1393,C2458,technical,low,open,email,ML Platform,2024-02-26,60.22,4,A182
T1394,C4787,account,critical,open,email,Analytics Suite,2024-08-21,71.19,3,A105
T1395,C5760,product,low,open,email,DataLake Pro,2024-07-03,57.81,3,A117
T1396,C3793,general,high,open,phone,ML Platform,2024-06-17,26.06,4,A123
T1397,C2865,account,critical,closed,web,Analytics Suite,2024-07-24,29.12,4,A114
T1398,C3171,billing,critical,closed,web,Analytics Suite,2024-12-22,52.44,2,A178
T1399,C7221,product,critical,open,web,Data Pipeline,2024-07-02,44.21,2,A105
T1400,C2037,general,medium,resolved,email,Data Pipeline,2024-05-13,47.33,1,A184
T1401,C5072,technical,low,open,chat,Storage Plus,2024-09-03,25.22,4,A160
T1402,C9123,account,medium,resolved,phone,DataLake Pro,2024-03-25,5.85,4,A164
T1403,C4648,technical,low,closed,web,Storage Plus,2024-10-08,46.5,4,A157
T1404,C2442,product,low,open,web,Data Pipeline,2024-09-12,32.47,1,A104
T1405,C9996,general,high,in_progress,web,ML Platform,2024-01-01,59.55,5,A146
T1406,C1889,general,critical,resolved,web,DataLake Pro,2024-04-24,60.87,3,A112
T1407,C4633,general,high,open,email,Analytics Suite,2024-01-02,24.91,3,A163
T1408,C3301,technical,medium,open,web,Analytics Suite,2024-07-28,8.15,5,A158
T1409,C4122,billing,low,closed,web,Storage Plus,2024-06-22,8.21,4,A164
T1410,C3205,general,critical,closed,chat,Storage Plus,2024-09-12,0.81,1,A122
T1411,C3103,general,high,closed,web,Storage Plus,2024-02-23,28.2,5,A188
T1412,C5067,account,critical,in_progress,chat,Data Pipeline,2024-05-20,28.95,3,A177
T1413,C9393,account,medium,in_progress,chat,Storage Plus,2024-06-02,60.78,5,A191
T1414,C5760,technical,high,open,phone,Storage Plus,2024-12-17,25.19,2,A161
T1415,C7839,account,critical,open,email,DataLake Pro,2024-12-11,53.97,5,A148
T1416,C3381,account,medium,resolved,phone,Analytics Suite,2024-01-28,48.42,2,A107
T1417,C5835,account,critical,open,chat,Storage Plus,2024-04-14,54.38,1,A149
T1418,C4892,billing,critical,closed,web,ML Platform,2024-09-18,56.58,3,A170
T1419,C1881,general,critical,in_progress,phone,Storage Plus,2024-01-07,53.67,2,A169
T1420,C4218,billing,medium,in_progress,email,Data Pipeline,2024-04-09,21.53,2,A105
T1421,C8020,technical,high,open,phone,Data Pipeline,2024-05-22,40.3,2,A190
T1422,C3536,general,low,resolved,web,Storage Plus,2024-01-21,11.49,3,A170
T1423,C6866,general,medium,in_progress,email,Storage Plus,2024-02-07,56.56,3,A120
T1424,C7814,account,medium,in_progress,phone,ML Platform,2024-10-05,38.9,1,A146
T1425,C5809,general,critical,open,email,ML Platform,2024-04-21,68.45,5,A157
T1426,C4937,technical,low,resolved,web,DataLake Pro,2024-11-24,44.38,5,A149
T1427,C5203,general,high,closed,web,DataLake Pro,2024-10-03,52.26,1,A137
T1428,C4154,technical,low,open,chat,Analytics Suite,2024-06-13,37.24,1,A187
T1429,C7950,billing,medium,open,web,ML Platform,2024-02-23,15.2,4,A104
T1430,C2433,general,low,in_progress,phone,Data Pipeline,2024-02-07,4.38,3,A149
T1431,C8391,billing,critical,open,email,Storage Plus,2024-11-18,29.42,3,A108
T1432,C1745,general,low,resolved,phone,Storage Plus,2024-12-24,61.15,3,A111
T1433,C5612,product,medium,in_progress,chat,Data Pipeline,2024-08-12,27.77,1,A169
T1434,C5832,billing,medium,open,email,DataLake Pro,2024-11-20,10.8,3,A173
T1435,C7456,account,medium,resolved,chat,Data Pipeline,2024-10-02,39.65,1,A182
T1436,C9397,general,high,in_progress,email,Analytics Suite,2024-03-13,12.01,2,A185
T1437,C1891,billing,high,open,phone,DataLake Pro,2024-10-08,33.48,5,A125
T1438,C8982,billing,high,open,chat,ML Platform,2024-06-18,26.04,2,A162
T1439,C8383,general,medium,resolved,phone,Data Pipeline,2024-06-17,44.57,3,A121
T1440,C1079,product,high,resolved,chat,ML Platform,2024-06-09,18.1,2,A161
T1441,C8583,product,low,in_progress,email,ML Platform,2024-08-16,26.15,3,A117
T1442,C9824,billing,low,open,web,Storage Plus,2024-04-10,19.32,1,A127
T1443,C1600,product,medium,resolved,web,Analytics Suite,2024-10-09,19.13,5,A198
T1444,C5767,billing,critical,resolved,email,Analytics Suite,2024-03-09,33.73,5,A178
T1445,C3717,technical,medium,closed,phone,DataLake Pro,2024-09-20,10.54,2,A128
T1446,C8989,technical,low,in_progress,phone,Data Pipeline,2024-04-28,4.99,3,A160
T1447,C8448,billing,high,resolved,chat,Data Pipeline,2024-01-24,3.35,3,A183
T1448,C7201,general,high,closed,chat,Storage Plus,2024-07-06,42.52,1,A151
T1449,C6781,general,low,in_progress,web,Analytics Suite,2024-06-25,35.31,4,A129
T1450,C2263,technical,medium,in_progress,phone,Storage Plus,2024-09-20,46.51,2,A191
T1451,C2938,billing,critical,closed,web,Analytics Suite,2024-12-04,16.97,3,A175
T1452,C3641,technical,low,in_progress,chat,Analytics Suite,2024-11-27,60.09,1,A180
T1453,C9399,billing,medium,resolved,chat,Storage Plus,2024-01-21,64.19,2,A151
T1454,C1305,technical,critical,closed,web,Analytics Suite,2024-12-04,59.22,1,A128
T1455,C7730,technical,high,in_progress,phone,Data Pipeline,2024-11-03,10.7,5,A176
T1456,C2127,billing,low,in_progress,web,Analytics Suite,2024-04-27,27.54,2,A177
T1457,C2577,general,low,open,email,Data Pipeline,2024-03-31,34.52,5,A184
T1458,C3135,product,critical,resolved,email,Storage Plus,2024-11-04,39.06,1,A154
T1459,C4759,account,low,closed,chat,ML Platform,2024-09-03,56.95,4,A161
T1460,C4809,product,high,in_progress,email,DataLake Pro,2024-02-12,20.75,5,A173
T1461,C9561,technical,high,closed,phone,DataLake Pro,2024-03-01,37.66,4,A119
T1462,C7980,general,critical,resolved,phone,Data Pipeline,2024-11-29,42.35,3,A196
T1463,C4337,product,medium,resolved,web,ML Platform,2024-07-30,39.98,5,A139
T1464,C6641,billing,medium,closed,chat,DataLake Pro,2024-12-27,28.97,2,A127
T1465,C9328,general,low,in_progress,web,DataLake Pro,2024-07-24,56.7,5,A111
T1466,C3381,billing,low,resolved,chat,ML Platform,2024-08-29,66.7,4,A110
T1467,C1618,general,high,open,chat,Data Pipeline,2024-07-15,67.04,4,A156
T1468,C1175,account,medium,open,chat,Storage Plus,2024-04-13,61.32,5,A121
T1469,C1590,technical,low,resolved,web,ML Platform,2024-07-03,17.61,1,A185
T1470,C7474,billing,low,open,phone,Storage Plus,2024-07-26,42.4,5,A174
T1471,C6703,technical,medium,closed,web,Storage Plus,2024-06-26,69.38,3,A100
T1472,C5277,general,low,resolved,phone,DataLake Pro,2024-03-30,29.61,1,A165
T1473,C5222,account,critical,closed,web,Analytics Suite,2024-10-02,58.64,5,A196
T1474,C6565,billing,critical,open,phone,DataLake Pro,2024-08-22,49.23,5,A148
T1475,C4610,product,high,open,phone,Analytics Suite,2024-12-12,50.63,3,A136
T1476,C2523,billing,medium,closed,phone,ML Platform,2024-07-23,48.67,3,A127
T1477,C5408,product,medium,in_progress,chat,ML Platform,2024-04-03,68.22,2,A126
T1478,C4755,account,medium,open,email,DataLake Pro,2024-04-13,60.2,5,A186
T1479,C9071,billing,critical,resolved,phone,Data Pipeline,2024-11-10,0.97,5,A173
T1480,C5501,account,critical,in_progress,chat,DataLake Pro,2024-09-08,13.58,5,A167
T1481,C7933,general,high,closed,chat,Data Pipeline,2024-09-01,67.69,1,A115
T1482,C9490,billing,medium,closed,email,ML Platform,2024-08-23,23.07,1,A146
T1483,C5254,account,critical,resolved,phone,Analytics Suite,2024-04-05,39.72,2,A163
T1484,C7945,account,critical,resolved,web,Analytics Suite,2024-04-17,30.47,3,A173
T1485,C3148,account,medium,closed,web,Analytics Suite,2024-10-21,49.55,1,A118
T1486,C3450,product,critical,in_progress,phone,Data Pipeline,2024-08-30,58.11,2,A138
T1487,C5111,product,low,in_progress,email,Analytics Suite,2024-10-14,61.88,1,A132
T1488,C8807,account,high,resolved,phone,ML Platform,2024-11-18,7.39,3,A102
T1489,C7746,technical,medium,resolved,phone,ML Platform,2024-03-03,25.6,5,A186
T1490,C9363,billing,critical,resolved,web,Analytics Suite,2024-09-06,55.89,4,A121
T1491,C6527,product,low,open,chat,ML Platform,2024-08-03,45.64,5,A129
T1492,C6136,general,critical,resolved,web,ML Platform,2024-06-11,47.19,3,A195
T1493,C9535,billing,medium,in_progress,phone,DataLake Pro,2024-08-18,30.1,2,A126
T1494,C3734,product,low,open,web,Storage Plus,2024-07-22,7.87,1,A197
T1495,C2363,billing,critical,resolved,chat,Analytics Suite,2024-02-23,19.27,2,A194
T1496,C5655,general,medium,open,email,ML Platform,2024-08-14,45.29,2,A141
T1497,C8801,account,critical,in_progress,chat,Storage Plus,2024-08-27,70.21,5,A176
T1498,C8480,product,high,resolved,web,Storage Plus,2024-11-19,54.05,5,A129
T1499,C2467,account,medium,resolved,email,DataLake Pro,2024-08-14,22.51,4,A166
T1500,C3233,billing,critical,closed,phone,DataLake Pro,2024-06-25,21.0,5,A198
T1501,C8052,general,high,in_progress,web,Storage Plus,2024-05-29,43.19,1,A155
T1502,C7467,product,medium,resolved,email,Data Pipeline,2024-05-07,12.17,4,A180
T1503,C4924,account,high,resolved,web,Analytics Suite,2024-09-21,55.16,5,A108
T1504,C3988,general,critical,resolved,web,Analytics Suite,2024-03-10,21.21,4,A141
T1505,C1317,billing,medium,open,phone,ML Platform,2024-03-18,4.05,5,A116
T1506,C8183,billing,critical,in_progress,phone,Data Pipeline,2024-01-05,17.15,2,A139
T1507,C9165,account,low,in_progress,email,ML Platform,2024-07-09,33.65,1,A199
T1508,C7429,technical,high,closed,email,DataLake Pro,2024-02-06,39.34,2,A198
T1509,C5078,technical,low,in_progress,web,DataLake Pro,2024-07-16,55.64,4,A166
T1510,C4415,account,medium,open,email,ML Platform,2024-08-30,28.32,3,A161
T1511,C5895,technical,low,in_progress,web,ML Platform,2024-04-11,26.27,1,A101
T1512,C3742,technical,low,open,web,Storage Plus,2024-05-21,42.31,4,A119
T1513,C7084,billing,high,open,email,ML Platform,2024-02-15,18.28,4,A182
T1514,C3521,technical,critical,in_progress,phone,Storage Plus,2024-12-25,38.85,1,A182
T1515,C6690,product,high,in_progress,phone,DataLake Pro,2024-08-12,52.92,1,A162
T1516,C8168,technical,medium,resolved,phone,Data Pipeline,2024-10-13,21.57,4,A135
T1517,C3627,account,high,resolved,web,DataLake Pro,2024-02-05,38.48,4,A199
T1518,C9289,general,high,in_progress,phone,DataLake Pro,2024-07-13,52.96,1,A184
T1519,C9830,general,medium,resolved,phone,Data Pipeline,2024-07-17,14.08,4,A182
T1520,C6276,billing,medium,in_progress,email,Analytics Suite,2024-02-26,7.38,1,A113
T1521,C8952,product,critical,resolved,email,ML Platform,2024-04-08,7.56,5,A128
T1522,C2161,product,low,closed,email,ML Platform,2024-01-07,67.01,2,A171
T1523,C7814,general,high,open,email,ML Platform,2024-07-07,57.29,1,A109
T1524,C4537,general,critical,in_progress,chat,Storage Plus,2024-09-22,7.44,2,A184
T1525,C5075,general,critical,open,phone,Data Pipeline,2024-10-18,45.21,2,A189
T1526,C7997,general,critical,resolved,chat,Storage Plus,2024-02-23,12.43,2,A176
T1527,C8258,account,high,closed,web,ML Platform,2024-06-29,65.03,5,A177
T1528,C4943,general,high,resolved,web,Data Pipeline,2024-10-15,39.51,4,A150
T1529,C1003,billing,medium,resolved,email,ML Platform,2024-01-18,70.78,5,A128
T1530,C4519,general,medium,open,email,Data Pipeline,2024-06-10,2.05,3,A145
T1531,C3557,technical,medium,resolved,phone,DataLake Pro,2024-03-11,19.45,5,A173
T1532,C7550,account,critical,in_progress,web,Storage Plus,2024-10-18,66.13,1,A112
T1533,C5921,product,low,open,phone,ML Platform,2024-01-20,52.75,5,A155
T1534,C7824,general,low,closed,email,ML Platform,2024-03-02,62.69,2,A167
T1535,C1674,account,medium,in_progress,email,Data Pipeline,2024-06-12,39.1,2,A157
T1536,C9269,product,medium,in_progress,phone,DataLake Pro,2024-02-16,16.38,3,A160
T1537,C1807,product,critical,in_progress,chat,Data Pipeline,2024-10-07,29.04,1,A171
T1538,C4245,technical,medium,in_progress,email,ML Platform,2024-09-06,28.77,5,A199
T1539,C8046,billing,low,closed,web,ML Platform,2024-06-14,49.46,5,A144
T1540,C4120,account,medium,resolved,web,Storage Plus,2024-06-13,25.13,1,A118
T1541,C8216,technical,high,in_progress,email,DataLake Pro,2024-01-23,66.58,2,A194
T1542,C1893,account,low,resolved,email,ML Platform,2024-05-04,68.35,2,A157
T1543,C8719,technical,medium,resolved,web,Storage Plus,2024-01-12,24.23,5,A193
T1544,C3315,product,low,resolved,chat,DataLake Pro,2024-12-21,50.46,1,A136
T1545,C4288,product,low,open,web,ML Platform,2024-12-22,44.68,1,A184
T1546,C6901,technical,critical,open,phone,Data Pipeline,2024-02-25,1.86,4,A176
T1547,C9709,product,low,open,chat,Storage Plus,2024-02-15,13.83,5,A139
T1548,C6465,billing,high,resolved,phone,ML Platform,2024-09-07,28.63,2,A130
T1549,C9212,product,low,resolved,chat,Analytics Suite,2024-05-21,58.55,3,A143
T1550,C7436,general,medium,closed,chat,Storage Plus,2024-12-02,10.31,4,A119
T1551,C7987,product,medium,in_progress,chat,Storage Plus,2024-06-08,65.55,3,A169
T1552,C4314,technical,critical,in_progress,chat,ML Platform,2024-03-11,22.59,5,A108
T1553,C9732,billing,high,closed,web,ML Platform,2024-03-01,13.67,2,A156
T1554,C5485,technical,medium,open,phone,Storage Plus,2024-03-18,56.21,1,A172
T1555,C4783,account,low,closed,chat,Storage Plus,2024-11-01,17.1,1,A177
T1556,C8680,product,critical,closed,chat,Analytics Suite,2024-12-30,46.94,2,A124
T1557,C4707,account,critical,in_progress,chat,Analytics Suite,2024-01-17,29.71,1,A108
T1558,C3901,account,critical,in_progress,web,Data Pipeline,2024-08-12,62.5,4,A199
T1559,C1685,account,critical,open,email,Data Pipeline,2024-11-07,53.08,4,A158
T1560,C1694,billing,critical,open,chat,ML Platform,2024-05-05,37.59,4,A156
T1561,C7521,product,medium,closed,phone,Storage Plus,2024-06-04,55.82,3,A106
T1562,C9470,billing,low,in_progress,chat,Data Pipeline,2024-03-13,33.65,4,A152
T1563,C6299,general,medium,closed,email,ML Platform,2024-08-18,2.28,4,A141
T1564,C3686,account,low,closed,chat,Data Pipeline,2024-03-04,7.02,4,A170
T1565,C7235,general,medium,in_progress,chat,Analytics Suite,2024-01-23,55.43,3,A198
T1566,C1840,account,medium,open,chat,Analytics Suite,2024-08-02,22.53,4,A100
T1567,C5146,general,low,closed,chat,Analytics Suite,2024-01-07,33.29,4,A175
T1568,C8794,general,low,in_progress,phone,Storage Plus,2024-08-20,29.83,1,A180
T1569,C4401,account,low,in_progress,email,Storage Plus,2024-01-26,13.72,1,A177
T1570,C5889,billing,critical,in_progress,chat,ML Platform,2024-06-18,66.31,1,A178
T1571,C3906,billing,low,resolved,phone,ML Platform,2024-08-21,54.08,3,A148
T1572,C2108,account,critical,in_progress,email,ML Platform,2024-08-06,60.8,1,A142
T1573,C9635,general,low,open,email,Data Pipeline,2024-07-30,38.01,2,A192
T1574,C5705,account,high,in_progress,web,Storage Plus,2024-08-06,44.03,3,A193
T1575,C9154,technical,high,in_progress,email,DataLake Pro,2024-09-09,58.27,5,A103
T1576,C8616,general,critical,closed,email,ML Platform,2024-11-16,57.47,2,A144
T1577,C4478,account,low,resolved,phone,Storage Plus,2024-01-06,46.3,3,A170
T1578,C6307,account,critical,open,chat,Analytics Suite,2024-01-04,8.64,3,A142
T1579,C6536,billing,medium,closed,chat,Data Pipeline,2024-12-10,34.76,4,A168
T1580,C6490,billing,high,resolved,email,Analytics Suite,2024-08-24,56.56,4,A173
T1581,C6434,account,low,resolved,web,Storage Plus,2024-06-30,5.23,2,A121
T1582,C7382,account,low,resolved,web,DataLake Pro,2024-04-05,43.06,3,A163
T1583,C4893,technical,high,in_progress,email,ML Platform,2024-07-09,32.81,3,A104
T1584,C4311,product,medium,in_progress,phone,Data Pipeline,2024-02-17,32.23,1,A193
T1585,C9579,billing,medium,in_progress,email,Data Pipeline,2024-06-07,55.95,2,A149
T1586,C9558,general,low,resolved,web,DataLake Pro,2024-02-29,0.79,1,A113
T1587,C9529,general,high,in_progress,phone,Analytics Suite,2024-12-03,53.81,1,A124
T1588,C5695,billing,high,in_progress,chat,ML Platform,2024-05-21,38.56,4,A114
T1589,C1249,technical,high,resolved,phone,Analytics Suite,2024-11-14,40.51,1,A190
T1590,C5641,account,high,closed,email,Analytics Suite,2024-10-20,18.0,1,A103
T1591,C8712,billing,low,closed,web,Analytics Suite,2024-12-11,4.11,4,A190
T1592,C8304,technical,low,closed,chat,DataLake Pro,2024-11-11,25.93,3,A189
T1593,C8672,product,medium,in_progress,chat,Storage Plus,2024-02-19,33.07,4,A133
T1594,C6954,account,critical,closed,email,DataLake Pro,2024-07-19,13.61,3,A160
T1595,C2849,account,high,in_progress,email,Data Pipeline,2024-06-28,34.72,2,A191
T1596,C2752,account,critical,closed,web,Analytics Suite,2024-06-15,40.26,1,A179
T1597,C4992,product,low,resolved,chat,Storage Plus,2024-10-07,11.87,4,A155
T1598,C8132,technical,medium,open,web,DataLake Pro,2024-10-17,56.79,5,A175
T1599,C8584,technical,high,closed,email,Storage Plus,2024-06-15,40.19,4,A113
T1600,C7208,billing,medium,in_progress,email,Analytics Suite,2024-06-16,35.84,1,A184
T1601,C3444,general,critical,in_progress,chat,ML Platform,2024-08-19,38.48,4,A138
T1602,C5989,billing,low,closed,chat,ML Platform,2024-08-10,51.82,3,A107
T1603,C7049,general,high,open,phone,DataLake Pro,2024-10-08,69.7,1,A130
T1604,C8073,product,critical,closed,web,Storage Plus,2024-12-25,42.7,3,A127
T1605,C3841,product,high,closed,chat,ML Platform,2024-08-31,10.44,5,A185
T1606,C3056,technical,critical,closed,chat,DataLake Pro,2024-03-09,1.33,1,A117
T1607,C7813,product,medium,closed,web,Storage Plus,2024-08-21,64.39,5,A157
T1608,C7303,general,low,closed,chat,Storage Plus,2024-06-30,16.64,4,A134
T1609,C7731,billing,critical,resolved,email,Storage Plus,2024-10-06,41.71,1,A161
T1610,C2311,account,critical,open,email,Analytics Suite,2024-03-13,52.71,5,A160
T1611,C2279,account,low,resolved,email,Data Pipeline,2024-12-16,45.81,5,A158
T1612,C9399,product,high,resolved,phone,Analytics Suite,2024-08-28,41.54,3,A104
T1613,C5981,general,medium,open,phone,Storage Plus,2024-10-15,19.12,4,A103
T1614,C5699,billing,high,resolved,chat,Storage Plus,2024-09-05,6.4,5,A135
T1615,C5509,general,medium,in_progress,web,ML Platform,2024-05-11,1.52,1,A122
T1616,C5280,general,low,resolved,email,Analytics Suite,2024-12-24,17.39,2,A176
T1617,C3525,product,medium,closed,chat,Analytics Suite,2024-09-10,54.32,4,A173
T1618,C6653,billing,medium,closed,web,Data Pipeline,2024-01-28,46.42,1,A138
T1619,C8803,product,high,in_progress,web,DataLake Pro,2024-09-29,17.21,4,A136
T1620,C8353,billing,low,resolved,web,Storage Plus,2024-07-14,49.01,5,A183
T1621,C5466,account,critical,closed,chat,Storage Plus,2024-06-20,19.83,1,A198
T1622,C4193,account,low,open,email,DataLake Pro,2024-09-23,24.62,2,A152
T1623,C2600,account,medium,resolved,phone,Analytics Suite,2024-09-25,7.93,4,A104
T1624,C1388,technical,low,open,email,Storage Plus,2024-11-13,7.07,5,A116
T1625,C7159,technical,low,in_progress,phone,ML Platform,2024-12-02,55.12,5,A159
T1626,C2240,product,high,resolved,chat,DataLake Pro,2024-11-23,32.92,3,A135
T1627,C2022,account,high,in_progress,web,DataLake Pro,2024-07-14,28.28,1,A162
T1628,C4287,billing,medium,closed,chat,Storage Plus,2024-11-08,28.57,4,A182
T1629,C2740,billing,low,open,phone,Data Pipeline,2024-08-14,51.65,1,A102
T1630,C9154,billing,critical,resolved,chat,ML Platform,2024-03-17,47.18,1,A150
T1631,C1060,product,critical,closed,email,Storage Plus,2024-09-20,51.09,4,A128
T1632,C1054,billing,high,resolved,phone,Data Pipeline,2024-07-15,68.72,4,A107
T1633,C2485,billing,critical,resolved,chat,Analytics Suite,2024-07-06,38.73,3,A170
T1634,C1644,product,low,resolved,web,DataLake Pro,2024-07-15,47.74,3,A180
T1635,C8175,billing,medium,closed,web,DataLake Pro,2024-04-07,10.51,2,A169
T1636,C6041,billing,low,resolved,email,ML Platform,2024-09-12,38.68,4,A192
T1637,C1701,product,medium,in_progress,email,DataLake Pro,2024-07-26,8.95,5,A194
T1638,C3319,general,low,in_progress,chat,DataLake Pro,2024-09-07,47.25,4,A122
T1639,C1818,product,medium,open,email,DataLake Pro,2024-06-06,59.18,1,A163
T1640,C4613,account,critical,resolved,email,Storage Plus,2024-02-02,58.02,4,A169
T1641,C3250,billing,medium,resolved,email,DataLake Pro,2024-06-13,60.3,2,A135
T1642,C3314,general,medium,closed,chat,Storage Plus,2024-07-31,12.52,3,A105
T1643,C3185,product,medium,open,web,DataLake Pro,2024-02-21,57.06,5,A100
T1644,C1118,account,critical,closed,chat,Analytics Suite,2024-04-01,66.72,5,A118
T1645,C5439,technical,low,in_progress,web,Storage Plus,2024-09-24,32.7,2,A111
T1646,C5934,technical,medium,open,email,Storage Plus,2024-06-27,30.44,5,A146
T1647,C9842,account,low,in_progress,email,Analytics Suite,2024-09-16,16.18,2,A187
T1648,C8772,billing,high,resolved,chat,Data Pipeline,2024-09-11,13.11,1,A132
T1649,C6477,billing,low,open,chat,Analytics Suite,2024-11-11,58.07,4,A103
T1650,C8947,product,high,closed,chat,ML Platform,2024-09-20,8.8,2,A129
T1651,C2804,product,medium,closed,chat,DataLake Pro,2024-06-15,16.79,2,A160
T1652,C8936,technical,critical,in_progress,web,ML Platform,2024-01-28,64.17,2,A117
T1653,C8499,technical,high,in_progress,email,Storage Plus,2024-04-09,45.69,3,A107
T1654,C5597,product,critical,in_progress,phone,Analytics Suite,2024-03-10,8.44,4,A137
T1655,C3568,general,medium,open,web,Storage Plus,2024-11-22,68.62,2,A162
T1656,C4546,account,low,closed,chat,Analytics Suite,2024-10-29,34.35,4,A141
T1657,C8114,technical,low,closed,email,DataLake Pro,2024-10-23,16.4,5,A160
T1658,C9261,product,low,closed,web,Analytics Suite,2024-01-18,30.94,4,A110
T1659,C1203,technical,high,resolved,chat,DataLake Pro,2024-12-20,52.82,2,A102
T1660,C8860,general,low,closed,web,Analytics Suite,2024-12-08,22.3,4,A190
T1661,C7641,product,low,open,web,ML Platform,2024-04-04,56.97,3,A167
T1662,C1535,general,medium,open,phone,DataLake Pro,2024-05-31,30.95,3,A165
T1663,C6963,product,low,resolved,phone,Analytics Suite,2024-01-27,8.43,3,A182
T1664,C2097,technical,high,in_progress,email,Data Pipeline,2024-10-14,51.22,2,A194
T1665,C4437,general,critical,resolved,email,DataLake Pro,2024-04-25,23.41,3,A147
T1666,C6656,billing,critical,resolved,web,Storage Plus,2024-08-19,35.27,5,A147
T1667,C2075,billing,low,closed,chat,ML Platform,2024-04-06,64.27,4,A109
T1668,C2791,product,medium,in_progress,email,ML Platform,2024-03-25,20.23,2,A153
T1669,C9870,product,low,resolved,chat,DataLake Pro,2024-03-08,34.38,4,A102
T1670,C4806,general,high,resolved,web,Storage Plus,2024-09-23,46.59,4,A185
T1671,C9686,general,medium,resolved,chat,ML Platform,2024-10-07,32.34,3,A129
T1672,C8933,technical,high,resolved,web,Analytics Suite,2024-07-09,69.91,1,A179
T1673,C3634,technical,medium,in_progress,chat,DataLake Pro,2024-12-30,38.78,2,A105
T1674,C6187,account,medium,in_progress,email,ML Platform,2024-10-21,9.54,3,A144
T1675,C3423,general,high,open,email,Data Pipeline,2024-07-09,32.56,2,A163
T1676,C3381,billing,high,resolved,web,ML Platform,2024-08-22,66.84,2,A196
T1677,C3409,account,low,closed,email,Analytics Suite,2024-10-16,52.59,4,A186
T1678,C2914,technical,critical,resolved,email,ML Platform,2024-06-06,2.27,5,A107
T1679,C4197,technical,low,open,web,DataLake Pro,2024-10-25,38.14,3,A165
T1680,C7462,general,low,resolved,web,Analytics Suite,2024-04-09,35.57,5,A191
T1681,C8006,account,high,resolved,phone,Data Pipeline,2024-07-08,28.11,1,A171
T1682,C2435,product,critical,resolved,chat,Data Pipeline,2024-04-20,52.54,4,A193
T1683,C7786,billing,medium,in_progress,phone,Data Pipeline,2024-03-12,60.24,5,A167
T1684,C6495,product,low,open,web,ML Platform,2024-02-03,67.22,5,A153
T1685,C3865,technical,medium,in_progress,web,ML Platform,2024-10-11,33.54,5,A170
T1686,C9037,general,high,closed,web,Analytics Suite,2024-01-22,59.33,3,A103
T1687,C1040,billing,high,closed,chat,Data Pipeline,2024-03-19,19.28,4,A188
T1688,C5009,product,low,resolved,web,Storage Plus,2024-01-15,9.03,3,A155
T1689,C5225,account,low,resolved,chat,Storage Plus,2024-11-17,49.54,1,A107
T1690,C3394,account,medium,open,phone,ML Platform,2024-06-12,33.46,2,A153
T1691,C6832,billing,medium,in_progress,email,Storage Plus,2024-01-25,21.22,5,A196
T1692,C3738,account,high,resolved,email,Storage Plus,2024-10-05,23.57,3,A174
T1693,C6761,account,high,closed,web,ML Platform,2024-03-14,1.42,5,A120
T1694,C2678,technical,low,closed,web,DataLake Pro,2024-04-21,11.55,2,A114
T1695,C3150,account,medium,closed,phone,Analytics Suite,2024-01-09,34.79,3,A190
T1696,C5991,technical,medium,in_progress,chat,ML Platform,2024-01-15,53.73,1,A116
T1697,C4438,billing,low,open,web,Data Pipeline,2024-03-07,70.65,4,A105
T1698,C4217,general,low,closed,email,ML Platform,2024-02-25,2.84,5,A105
T1699,C2085,billing,medium,in_progress,chat,ML Platform,2024-06-03,48.23,1,A103
T1700,C2487,general,high,resolved,chat,Storage Plus,2024-03-15,60.98,3,A199
T1701,C4962,general,low,in_progress,chat,ML Platform,2024-09-15,41.27,1,A121
T1702,C9800,technical,critical,resolved,chat,Data Pipeline,2024-01-03,70.11,1,A186
T1703,C2758,product,medium,in_progress,web,DataLake Pro,2024-04-02,60.18,4,A197
T1704,C6149,technical,critical,resolved,phone,Storage Plus,2024-03-04,33.81,5,A192
T1705,C1665,product,high,closed,phone,Data Pipeline,2024-02-12,23.96,1,A128
T1706,C7672,technical,low,closed,phone,Analytics Suite,2024-05-28,70.92,4,A101
T1707,C9055,general,low,open,chat,Data Pipeline,2024-12-10,8.02,4,A151
T1708,C2666,account,medium,closed,email,Analytics Suite,2024-03-27,5.13,2,A154
T1709,C9177,general,high,closed,phone,Data Pipeline,2024-05-22,55.18,5,A185
T1710,C7626,product,low,open,phone,Data Pipeline,2024-09-05,37.07,2,A163
T1711,C4781,billing,low,open,web,DataLake Pro,2024-11-17,67.88,1,A122
T1712,C7269,account,low,open,web,Data Pipeline,2024-11-05,49.06,2,A125
T1713,C5809,account,high,open,email,Data Pipeline,2024-12-04,36.1,5,A115
T1714,C7285,product,critical,open,email,Analytics Suite,2024-08-18,22.99,4,A171
T1715,C5965,technical,high,closed,web,DataLake Pro,2024-12-27,12.24,4,A172
T1716,C9037,general,critical,closed,chat,Storage Plus,2024-12-03,40.1,5,A107
T1717,C7412,general,high,resolved,phone,DataLake Pro,2024-05-14,35.87,4,A103
T1718,C1739,general,low,resolved,web,DataLake Pro,2024-03-06,60.34,3,A154
T1719,C6654,technical,medium,in_progress,phone,Storage Plus,2024-07-01,29.95,1,A110
T1720,C2073,billing,high,open,web,Data Pipeline,2024-06-05,8.68,2,A172
T1721,C9433,general,low,resolved,web,Storage Plus,2024-08-03,19.56,4,A149
T1722,C6282,billing,medium,resolved,web,Storage Plus,2024-10-20,7.49,4,A197
T1723,C6563,product,medium,closed,email,Storage Plus,2024-03-26,44.46,3,A127
T1724,C5708,product,medium,open,email,Storage Plus,2024-05-15,3.9,5,A143
T1725,C5478,product,critical,in_progress,phone,DataLake Pro,2024-02-04,41.0,5,A183
T1726,C5945,general,high,in_progress,web,Data Pipeline,2024-09-15,58.0,4,A132
T1727,C9443,technical,low,in_progress,web,Analytics Suite,2024-08-20,48.52,5,A184
T1728,C8656,general,critical,open,chat,ML Platform,2024-05-17,67.51,5,A159
T1729,C3420,product,critical,resolved,email,Analytics Suite,2024-05-03,11.26,3,A152
T1730,C5373,general,medium,closed,chat,DataLake Pro,2024-05-26,46.69,3,A119
T1731,C4144,product,critical,closed,web,DataLake Pro,2024-01-15,18.06,3,A125
T1732,C3610,account,medium,open,web,DataLake Pro,2024-05-19,10.25,3,A107
T1733,C2375,product,high,open,web,Analytics Suite,2024-06-09,43.51,1,A130
T1734,C2833,general,high,closed,email,Analytics Suite,2024-10-19,53.02,1,A176
T1735,C3003,product,medium,closed,chat,Analytics Suite,2024-06-09,24.04,5,A113
T1736,C3869,product,high,open,web,Storage Plus,2024-04-19,69.85,4,A147
T1737,C2850,technical,high,in_progress,phone,Data Pipeline,2024-06-11,39.52,4,A191
T1738,C7025,billing,low,in_progress,phone,Storage Plus,2024-06-06,2.01,5,A149
T1739,C6067,billing,medium,closed,web,DataLake Pro,2024-11-23,69.03,3,A150
T1740,C5186,account,medium,in_progress,web,ML Platform,2024-06-03,6.95,2,A198
T1741,C7656,product,critical,closed,phone,Data Pipeline,2024-01-18,20.09,1,A112
T1742,C3627,account,critical,resolved,web,DataLake Pro,2024-12-23,19.16,1,A197
T1743,C1853,technical,low,closed,chat,ML Platform,2024-11-24,46.37,4,A140
T1744,C2347,technical,critical,resolved,web,Data Pipeline,2024-02-26,11.78,5,A194
T1745,C3187,account,high,in_progress,email,Data Pipeline,2024-05-13,12.9,5,A147
T1746,C3980,technical,low,open,chat,DataLake Pro,2024-07-20,63.16,5,A159
T1747,C4248,billing,critical,closed,phone,Analytics Suite,2024-05-14,50.64,2,A111
T1748,C7028,billing,critical,closed,web,DataLake Pro,2024-03-28,68.23,1,A128
T1749,C4328,account,critical,closed,chat,Data Pipeline,2024-04-07,68.14,3,A126
T1750,C4531,product,medium,closed,chat,DataLake Pro,2024-05-24,52.46,2,A137
T1751,C5289,account,critical,open,email,Data Pipeline,2024-04-30,44.66,2,A117
T1752,C6296,product,critical,resolved,email,DataLake Pro,2024-12-20,28.93,2,A171
T1753,C1962,product,high,open,email,ML Platform,2024-01-27,24.3,2,A164
T1754,C7241,technical,low,in_progress,phone,Analytics Suite,2024-06-03,70.39,3,A164
T1755,C9074,billing,high,closed,chat,ML Platform,2024-06-22,63.27,2,A114
T1756,C6132,account,high,closed,phone,ML Platform,2024-01-23,70.46,4,A178
T1757,C5321,account,critical,in_progress,web,DataLake Pro,2024-09-21,22.88,2,A124
T1758,C3435,product,high,in_progress,web,Data Pipeline,2024-01-28,16.94,1,A114
T1759,C9108,product,critical,closed,email,Analytics Suite,2024-01-21,32.07,5,A115
T1760,C6727,technical,medium,resolved,chat,Storage Plus,2024-02-17,15.07,3,A100
T1761,C9618,technical,critical,open,phone,DataLake Pro,2024-10-19,13.41,1,A136
T1762,C2998,account,medium,open,email,Data Pipeline,2024-07-20,27.21,1,A190
T1763,C8861,general,low,resolved,email,Storage Plus,2024-08-20,45.43,3,A157
T1764,C6323,account,high,open,email,Storage Plus,2024-10-18,9.75,1,A177
T1765,C7248,technical,critical,open,email,Analytics Suite,2024-02-17,29.02,2,A120
T1766,C7365,billing,high,closed,web,ML Platform,2024-07-25,20.87,2,A187
T1767,C3151,general,medium,closed,web,Data Pipeline,2024-07-02,48.08,3,A160
T1768,C5398,product,high,in_progress,web,Data Pipeline,2024-10-15,43.42,1,A111
T1769,C1662,technical,medium,closed,email,ML Platform,2024-09-19,24.93,4,A159
T1770,C8165,account,medium,in_progress,phone,Analytics Suite,2024-02-10,65.37,4,A166
T1771,C8007,billing,low,open,web,Data Pipeline,2024-05-31,41.15,5,A112
T1772,C8612,account,high,open,email,DataLake Pro,2024-12-04,52.0,3,A194
T1773,C8583,billing,low,closed,phone,ML Platform,2024-04-01,56.71,4,A175
T1774,C8454,account,medium,in_progress,chat,DataLake Pro,2024-12-09,32.67,3,A195
T1775,C5248,billing,low,closed,email,DataLake Pro,2024-12-10,8.1,5,A121
T1776,C8817,product,high,resolved,web,ML Platform,2024-08-23,49.96,5,A111
T1777,C3049,billing,medium,open,chat,Data Pipeline,2024-03-10,1.49,1,A183
T1778,C3378,technical,low,resolved,web,Analytics Suite,2024-11-28,17.79,5,A160
T1779,C7912,product,critical,closed,email,Data Pipeline,2024-01-12,8.83,2,A174
T1780,C4975,billing,high,open,email,Data Pipeline,2024-04-13,21.58,4,A153
T1781,C9121,account,low,closed,web,Data Pipeline,2024-10-23,43.1,5,A165
T1782,C8993,billing,critical,resolved,email,ML Platform,2024-04-28,51.57,5,A182
T1783,C7834,account,critical,closed,email,Analytics Suite,2024-08-30,8.86,5,A136
T1784,C4149,general,medium,resolved,web,Analytics Suite,2024-08-28,25.09,2,A137
T1785,C7395,product,medium,in_progress,phone,DataLake Pro,2024-08-01,60.07,3,A185
T1786,C8911,general,critical,open,web,Data Pipeline,2024-03-07,12.89,2,A138
T1787,C4845,account,high,resolved,chat,Analytics Suite,2024-04-17,40.31,1,A164
T1788,C1523,general,medium,open,chat,Data Pipeline,2024-02-02,24.65,1,A133
T1789,C6575,account,medium,open,email,Data Pipeline,2024-06-30,55.51,5,A158
T1790,C2817,billing,low,open,chat,DataLake Pro,2024-02-24,56.39,5,A126
T1791,C6925,general,critical,open,chat,ML Platform,2024-03-21,52.58,4,A142
T1792,C3257,product,low,in_progress,web,ML Platform,2024-03-03,61.17,4,A136
T1793,C9274,product,high,in_progress,chat,Storage Plus,2024-03-28,6.59,3,A153
T1794,C4738,product,critical,resolved,email,Data Pipeline,2024-03-11,57.83,4,A118
T1795,C1162,account,high,closed,chat,Data Pipeline,2024-09-21,67.97,1,A107
T1796,C7443,general,low,resolved,web,Data Pipeline,2024-01-19,47.7,2,A187
T1797,C5986,account,medium,closed,web,Analytics Suite,2024-06-09,65.51,1,A169
T1798,C8244,technical,high,open,email,Storage Plus,2024-12-23,25.19,4,A142
T1799,C7389,account,medium,open,phone,Storage Plus,2024-03-05,37.71,5,A143
T1800,C3621,general,high,in_progress,phone,Data Pipeline,2024-01-12,2.49,5,A164
T1801,C2809,general,high,open,email,DataLake Pro,2024-01-31,60.67,3,A157
T1802,C5881,account,medium,in_progress,phone,ML Platform,2024-10-20,53.19,4,A136
T1803,C3293,billing,high,in_progress,phone,Data Pipeline,2024-12-31,27.5,2,A112
T1804,C3401,billing,low,open,web,Analytics Suite,2024-12-30,30.94,4,A160
T1805,C4519,product,critical,resolved,web,Data Pipeline,2024-08-16,6.08,5,A156
T1806,C9020,general,medium,closed,web,Analytics Suite,2024-08-01,59.4,2,A190
T1807,C9408,product,critical,open,chat,Storage Plus,2024-09-27,8.94,2,A147
T1808,C2945,billing,high,resolved,email,Storage Plus,2024-11-04,61.44,1,A119
T1809,C2929,account,high,closed,email,Analytics Suite,2024-07-09,22.3,3,A118
T1810,C7910,account,medium,in_progress,web,DataLake Pro,2024-01-25,67.48,3,A115
T1811,C9970,product,critical,resolved,web,ML Platform,2024-06-27,5.33,1,A148
T1812,C8786,general,critical,closed,web,Analytics Suite,2024-11-06,10.0,2,A193
T1813,C6328,product,critical,in_progress,web,ML Platform,2024-02-15,57.69,5,A169
T1814,C1750,billing,medium,open,phone,Storage Plus,2024-12-09,64.14,3,A182
T1815,C3028,general,low,in_progress,web,Storage Plus,2024-11-25,40.49,2,A102
T1816,C2970,billing,high,in_progress,chat,Storage Plus,2024-12-03,67.44,2,A156
T1817,C2386,general,low,closed,email,ML Platform,2024-09-30,43.89,4,A155
T1818,C3957,account,critical,resolved,email,DataLake Pro,2024-07-31,2.22,5,A112
T1819,C9876,account,low,in_progress,phone,Data Pipeline,2024-03-27,20.9,2,A186
T1820,C3772,technical,low,open,phone,Data Pipeline,2024-01-31,44.43,3,A112
T1821,C6243,account,critical,open,email,Analytics Suite,2024-03-13,30.02,3,A130
T1822,C4874,product,low,resolved,email,ML Platform,2024-09-09,36.87,5,A159
T1823,C7669,technical,low,resolved,email,Analytics Suite,2024-02-03,35.12,4,A197
T1824,C3057,billing,medium,in_progress,phone,Storage Plus,2024-06-04,41.13,4,A121
T1825,C5016,product,low,open,web,Storage Plus,2024-10-02,68.61,5,A137
T1826,C3742,account,high,closed,phone,Analytics Suite,2024-01-01,4.8,4,A174
T1827,C9361,general,low,resolved,email,Data Pipeline,2024-05-24,3.75,5,A189
T1828,C3014,product,medium,resolved,phone,ML Platform,2024-03-12,52.34,3,A196
T1829,C8417,account,medium,closed,phone,DataLake Pro,2024-05-19,18.08,3,A188
T1830,C3190,product,low,open,chat,Data Pipeline,2024-11-26,66.44,5,A171
T1831,C9011,general,low,closed,email,ML Platform,2024-07-20,38.98,1,A148
T1832,C6864,billing,critical,resolved,chat,Data Pipeline,2024-07-17,13.17,1,A101
T1833,C4629,technical,low,resolved,chat,Analytics Suite,2024-01-11,54.73,3,A163
T1834,C6947,technical,low,in_progress,web,DataLake Pro,2024-01-19,20.57,5,A135
T1835,C9197,general,medium,open,chat,DataLake Pro,2024-09-09,12.69,2,A116
T1836,C5253,account,medium,open,phone,Storage Plus,2024-10-18,61.67,5,A158
T1837,C1032,account,critical,closed,phone,DataLake Pro,2024-08-06,46.33,1,A187
T1838,C9491,billing,medium,open,phone,Data Pipeline,2024-08-26,35.93,5,A168
T1839,C8354,account,low,open,chat,Data Pipeline,2024-06-10,0.87,2,A109
T1840,C5095,billing,low,open,web,Data Pipeline,2024-04-10,12.26,3,A103
T1841,C6477,technical,high,open,phone,Storage Plus,2024-05-08,18.17,4,A130
T1842,C2194,product,low,open,email,DataLake Pro,2024-11-03,44.8,1,A148
T1843,C6132,billing,critical,open,phone,Storage Plus,2024-12-21,5.15,2,A180
T1844,C8075,general,low,resolved,web,Data Pipeline,2024-02-03,7.78,1,A112
T1845,C7735,billing,critical,closed,web,Data Pipeline,2024-04-29,62.32,5,A179
T1846,C2659,product,high,in_progress,email,DataLake Pro,2024-06-22,47.04,1,A101
T1847,C2106,general,medium,resolved,phone,Data Pipeline,2024-10-30,56.94,2,A161
T1848,C8284,billing,medium,resolved,web,Storage Plus,2024-04-05,17.89,1,A183
T1849,C6861,technical,medium,closed,phone,Storage Plus,2024-06-08,42.23,5,A143
T1850,C5768,general,medium,open,chat,Storage Plus,2024-07-07,69.87,5,A171
T1851,C1894,technical,low,resolved,chat,Data Pipeline,2024-08-04,25.08,2,A188
T1852,C8657,general,high,resolved,web,ML Platform,2024-11-03,50.01,5,A120
T1853,C2717,product,medium,open,chat,Analytics Suite,2024-08-20,63.14,1,A159
T1854,C4492,product,medium,closed,chat,DataLake Pro,2024-05-02,34.87,3,A146
T1855,C1162,billing,medium,resolved,web,Analytics Suite,2024-02-07,26.09,5,A180
T1856,C6896,technical,high,in_progress,chat,ML Platform,2024-01-23,70.23,2,A192
T1857,C3855,technical,medium,open,chat,ML Platform,2024-06-22,61.1,2,A112
T1858,C1343,account,medium,resolved,web,Analytics Suite,2024-12-12,10.31,1,A147
T1859,C7100,general,critical,open,email,Analytics Suite,2024-12-04,12.75,5,A116
T1860,C4107,account,critical,in_progress,email,Storage Plus,2024-04-08,38.58,3,A175
T1861,C4098,account,medium,open,phone,Analytics Suite,2024-10-01,21.53,2,A165
T1862,C9011,general,low,in_progress,web,Storage Plus,2024-04-17,52.5,4,A147
T1863,C9168,account,critical,closed,web,ML Platform,2024-09-22,33.7,3,A174
T1864,C7569,billing,medium,in_progress,chat,Data Pipeline,2024-11-22,66.36,5,A130
T1865,C7486,general,medium,resolved,phone,Storage Plus,2024-04-21,22.38,4,A110
T1866,C3200,account,medium,open,web,Storage Plus,2024-02-13,21.6,5,A179
T1867,C6511,product,high,closed,phone,ML Platform,2024-08-06,32.76,4,A148
T1868,C1404,billing,high,open,phone,Storage Plus,2024-04-01,32.08,3,A165
T1869,C9956,technical,low,open,email,ML Platform,2024-11-25,6.09,3,A104
T1870,C9946,account,high,resolved,chat,Storage Plus,2024-04-12,24.36,3,A117
T1871,C9898,account,high,closed,web,Storage Plus,2024-05-13,1.11,3,A196
T1872,C1194,product,medium,in_progress,chat,Data Pipeline,2024-08-29,47.27,2,A129
T1873,C9451,product,high,open,phone,Analytics Suite,2024-10-27,56.7,4,A154
T1874,C7843,billing,high,in_progress,chat,ML Platform,2024-04-17,31.87,5,A194
T1875,C1158,account,medium,closed,web,Data Pipeline,2024-09-12,58.44,3,A197
T1876,C9808,general,low,in_progress,chat,ML Platform,2024-06-02,23.81,1,A172
T1877,C7404,billing,critical,in_progress,web,DataLake Pro,2024-07-14,15.1,4,A142
T1878,C8397,technical,low,in_progress,email,Storage Plus,2024-11-23,64.47,1,A162
T1879,C1439,account,medium,in_progress,phone,Storage Plus,2024-04-05,14.73,4,A108
T1880,C8449,technical,high,closed,web,Analytics Suite,2024-01-30,26.86,1,A114
T1881,C3115,product,medium,in_progress,chat,ML Platform,2024-10-01,30.42,1,A155
T1882,C8778,general,medium,closed,phone,Analytics Suite,2024-03-22,43.67,3,A100
T1883,C3337,general,medium,resolved,web,Data Pipeline,2024-08-16,5.07,4,A159
T1884,C1640,account,high,closed,chat,Data Pipeline,2024-02-16,21.09,4,A131
T1885,C3942,product,medium,open,web,DataLake Pro,2024-11-12,52.93,4,A130
T1886,C3587,account,low,in_progress,web,Data Pipeline,2024-05-20,63.6,5,A197
T1887,C2986,general,high,closed,web,Analytics Suite,2024-07-07,5.97,1,A132
T1888,C4397,billing,critical,closed,phone,Data Pipeline,2024-09-16,3.69,1,A124
T1889,C7499,technical,high,closed,web,Data Pipeline,2024-01-20,1.27,1,A108
T1890,C2352,technical,critical,resolved,chat,Analytics Suite,2024-10-07,47.48,4,A102
T1891,C2646,product,medium,open,email,ML Platform,2024-03-31,21.53,5,A119
T1892,C8219,general,medium,closed,email,Storage Plus,2024-07-02,13.22,1,A182
T1893,C2684,billing,low,open,web,Analytics Suite,2024-07-18,49.86,4,A131
T1894,C7138,product,low,open,phone,Analytics Suite,2024-05-02,14.8,1,A187
T1895,C2035,technical,medium,open,web,Storage Plus,2024-04-22,69.05,1,A113
T1896,C6359,general,medium,closed,web,DataLake Pro,2024-06-14,40.69,2,A129
T1897,C4502,billing,critical,resolved,email,Data Pipeline,2024-02-24,26.0,2,A127
T1898,C8516,general,high,open,email,Analytics Suite,2024-04-22,5.22,3,A152
T1899,C5940,general,medium,resolved,email,Storage Plus,2024-11-02,36.22,1,A141
T1900,C7366,account,medium,resolved,web,DataLake Pro,2024-12-13,66.61,2,A142
T1901,C1289,product,medium,open,chat,DataLake Pro,2024-11-07,65.72,4,A178
T1902,C3032,technical,low,open,chat,ML Platform,2024-06-07,17.4,4,A163
T1903,C5859,billing,medium,closed,phone,Analytics Suite,2024-04-13,11.34,2,A135
T1904,C6202,general,critical,resolved,email,Analytics Suite,2024-11-25,56.77,1,A193
T1905,C6427,billing,medium,in_progress,web,Storage Plus,2024-06-24,17.82,5,A141
T1906,C4007,product,low,in_progress,email,Analytics Suite,2024-08-14,45.53,1,A126
T1907,C3057,technical,medium,open,web,Data Pipeline,2024-02-16,12.92,5,A139
T1908,C3689,general,medium,resolved,phone,Storage Plus,2024-04-11,18.01,2,A157
T1909,C4299,billing,high,closed,web,Analytics Suite,2024-05-19,62.16,4,A160
T1910,C8231,technical,critical,open,web,Data Pipeline,2024-08-04,36.63,4,A110
T1911,C5918,technical,high,closed,web,ML Platform,2024-10-31,38.91,5,A158
T1912,C5640,billing,high,in_progress,web,Analytics Suite,2024-07-11,40.69,4,A119
T1913,C4106,account,critical,closed,web,Data Pipeline,2024-01-03,1.42,5,A195
T1914,C7113,billing,critical,open,email,Data Pipeline,2024-07-15,35.5,5,A172
T1915,C3660,account,critical,resolved,email,Data Pipeline,2024-04-09,55.05,3,A154
T1916,C5043,billing,medium,resolved,web,Analytics Suite,2024-05-04,34.66,3,A132
T1917,C5053,billing,low,open,web,Data Pipeline,2024-11-04,41.85,2,A190
T1918,C2316,technical,critical,resolved,phone,Storage Plus,2024-09-22,65.56,4,A168
T1919,C7271,billing,low,resolved,chat,ML Platform,2024-10-27,22.52,4,A195
T1920,C4432,technical,critical,open,email,DataLake Pro,2024-07-22,50.48,1,A199
T1921,C7845,product,medium,in_progress,phone,Analytics Suite,2024-09-25,30.3,3,A190
T1922,C3200,billing,critical,in_progress,chat,Analytics Suite,2024-04-11,35.28,5,A107
T1923,C3993,product,low,in_progress,email,ML Platform,2024-04-08,19.04,4,A110
T1924,C7188,billing,medium,closed,web,DataLake Pro,2024-03-04,20.29,3,A101
T1925,C2000,general,low,open,chat,Storage Plus,2024-05-16,54.25,1,A100
T1926,C7154,product,critical,resolved,web,ML Platform,2024-11-04,37.69,3,A147
T1927,C6620,product,critical,open,phone,ML Platform,2024-06-10,58.9,3,A112
T1928,C1050,technical,low,open,phone,Analytics Suite,2024-08-21,62.74,4,A147
T1929,C8404,general,critical,in_progress,email,ML Platform,2024-11-12,49.56,4,A102
T1930,C6901,product,medium,closed,web,Storage Plus,2024-01-24,69.83,3,A110
T1931,C6707,billing,critical,resolved,chat,Analytics Suite,2024-08-07,67.64,4,A166
T1932,C9267,account,critical,in_progress,web,DataLake Pro,2024-01-17,9.64,1,A161
T1933,C9858,billing,low,closed,email,Analytics Suite,2024-05-03,17.9,2,A141
T1934,C7283,product,low,in_progress,web,DataLake Pro,2024-05-23,16.26,3,A188
T1935,C6452,billing,high,closed,web,Storage Plus,2024-04-24,67.12,5,A155
T1936,C4823,billing,low,open,phone,Storage Plus,2024-04-24,19.03,3,A124
T1937,C2902,product,low,resolved,email,Storage Plus,2024-10-20,26.79,3,A168
T1938,C4110,account,medium,in_progress,email,Data Pipeline,2024-07-17,70.56,3,A101
T1939,C9819,technical,critical,closed,chat,Storage Plus,2024-08-23,23.09,3,A136
T1940,C3389,general,high,resolved,email,ML Platform,2024-12-06,61.21,1,A190
T1941,C8836,account,critical,open,phone,Analytics Suite,2024-11-19,59.75,4,A191
T1942,C4450,technical,critical,closed,phone,Analytics Suite,2024-04-25,50.58,1,A102
T1943,C9977,account,critical,closed,email,Storage Plus,2024-07-19,24.62,4,A193
T1944,C5637,general,critical,open,chat,ML Platform,2024-05-24,50.29,2,A196
T1945,C1886,general,medium,closed,web,ML Platform,2024-12-29,22.24,2,A118
T1946,C4436,billing,high,open,chat,Data Pipeline,2024-04-21,58.01,2,A154
T1947,C3756,technical,low,open,phone,Storage Plus,2024-01-29,7.37,4,A155
T1948,C3434,billing,low,in_progress,web,Data Pipeline,2024-11-17,52.16,2,A138
T1949,C3826,product,critical,resolved,web,ML Platform,2024-11-30,53.78,1,A101
T1950,C2966,general,medium,open,web,ML Platform,2024-02-29,6.41,4,A188
T1951,C2549,product,high,in_progress,email,ML Platform,2024-10-30,13.45,4,A108
T1952,C9806,product,critical,open,email,Analytics Suite,2024-04-04,29.48,1,A184
T1953,C2922,billing,critical,resolved,email,DataLake Pro,2024-04-02,62.13,2,A116
T1954,C4378,account,low,open,email,Storage Plus,2024-11-30,12.03,5,A138
T1955,C6956,technical,high,open,phone,Storage Plus,2024-10-05,12.77,1,A156
T1956,C3291,general,high,in_progress,email,DataLake Pro,2024-10-22,35.57,3,A130
T1957,C1601,technical,medium,resolved,phone,Analytics Suite,2024-04-06,10.63,2,A193
T1958,C7914,product,medium,closed,web,DataLake Pro,2024-02-08,39.81,3,A132
T1959,C7968,billing,high,in_progress,phone,Storage Plus,2024-12-21,10.74,2,A184
T1960,C9379,account,critical,closed,email,Storage Plus,2024-11-05,12.23,2,A131
T1961,C2270,general,critical,open,phone,DataLake Pro,2024-05-18,9.41,1,A146
T1962,C6464,account,low,open,web,Analytics Suite,2024-05-19,10.96,2,A148
T1963,C2720,general,critical,open,phone,Storage Plus,2024-03-04,13.06,3,A136
T1964,C5440,technical,high,closed,chat,ML Platform,2024-11-07,7.58,1,A194
T1965,C9711,product,medium,resolved,email,Storage Plus,2024-10-09,43.02,4,A191
T1966,C3547,general,high,open,phone,Analytics Suite,2024-12-02,9.54,4,A186
T1967,C7852,account,critical,resolved,phone,Data Pipeline,2024-12-27,33.23,4,A166
T1968,C4748,account,critical,resolved,email,DataLake Pro,2024-06-05,45.95,1,A109
T1969,C4932,billing,high,closed,email,Data Pipeline,2024-02-17,12.31,1,A186
T1970,C9334,general,low,closed,email,Storage Plus,2024-03-10,34.8,5,A124
T1971,C1119,account,medium,open,web,Analytics Suite,2024-12-31,30.89,5,A186
T1972,C9577,technical,high,open,web,Data Pipeline,2024-04-25,13.0,3,A148
T1973,C3793,technical,low,resolved,phone,Data Pipeline,2024-07-10,69.84,3,A137
T1974,C5337,product,medium,resolved,email,Data Pipeline,2024-04-19,0.66,5,A179
T1975,C8999,product,high,resolved,phone,DataLake Pro,2024-01-30,25.94,5,A100
T1976,C6729,billing,critical,closed,chat,DataLake Pro,2024-04-05,29.25,1,A167
T1977,C9426,billing,medium,resolved,chat,Data Pipeline,2024-03-19,29.87,4,A150
T1978,C7132,general,high,open,web,Data Pipeline,2024-06-02,26.56,2,A120
T1979,C3291,account,medium,open,chat,ML Platform,2024-06-30,53.92,1,A105
T1980,C3190,billing,medium,in_progress,web,ML Platform,2024-07-21,30.61,3,A115
T1981,C7899,account,critical,closed,chat,DataLake Pro,2024-09-07,39.83,2,A113
T1982,C1346,billing,medium,open,phone,Data Pipeline,2024-03-05,11.62,5,A176
T1983,C1131,product,low,closed,chat,Storage Plus,2024-08-10,34.83,3,A119
T1984,C9376,account,medium,closed,chat,Data Pipeline,2024-04-05,18.34,1,A190
T1985,C2688,technical,medium,in_progress,chat,DataLake Pro,2024-12-24,52.73,5,A116
T1986,C7574,technical,critical,open,chat,DataLake Pro,2024-01-20,20.08,2,A106
T1987,C7231,technical,high,closed,web,DataLake Pro,2024-07-27,38.04,2,A165
T1988,C7997,account,high,resolved,phone,Data Pipeline,2024-11-25,4.19,1,A131
T1989,C6240,billing,high,in_progress,phone,Data Pipeline,2024-01-25,13.5,1,A135
T1990,C2650,account,high,resolved,email,DataLake Pro,2024-08-08,13.72,4,A185
T1991,C1223,account,high,resolved,phone,Analytics Suite,2024-12-15,39.95,2,A183
T1992,C5521,billing,medium,open,email,Storage Plus,2024-04-17,42.28,1,A183
T1993,C4120,billing,high,resolved,web,Analytics Suite,2024-04-08,50.88,1,A168
T1994,C3517,general,high,resolved,phone,Data Pipeline,2024-01-23,9.64,4,A180
T1995,C2923,general,low,in_progress,phone,Analytics Suite,2024-08-11,5.34,4,A137
T1996,C1744,product,critical,open,chat,Data Pipeline,2024-10-16,4.85,2,A196
T1997,C9344,product,high,in_progress,chat,DataLake Pro,2024-07-15,40.72,4,A120
T1998,C4568,product,high,resolved,chat,ML Platform,2024-10-30,50.32,5,A190
T1999,C5399,billing,medium,resolved,email,Analytics Suite,2024-10-09,9.02,2,A135
